Chapter,SubChapter,Question,Person,Answer
회사 생활 근황과 팀 내 문화 파악,최근 회사 생활,요즘 어떻게 지내고 계신가요? 회사 생활은 어떤가요?,진행자,"(1) 질문1. 요즘 어떻게 지내고 계신가요? 회사 생활, 일, 업무…어떤가요?"
회사 생활 근황과 팀 내 문화 파악,최근 회사 생활,요즘 어떻게 지내고 계신가요? 회사 생활은 어떤가요?,주4일제,업무 많아요 ㅜㅠ
회사 생활 근황과 팀 내 문화 파악,최근 회사 생활,요즘 어떻게 지내고 계신가요? 회사 생활은 어떤가요?,토르,정신 없어요
회사 생활 근황과 팀 내 문화 파악,최근 회사 생활,요즘 어떻게 지내고 계신가요? 회사 생활은 어떤가요?,ㄹㄹㄹ,클라이언트가 너무 강압적이에요...
회사 생활 근황과 팀 내 문화 파악,최근 회사 생활,요즘 어떻게 지내고 계신가요? 회사 생활은 어떤가요?,콩콩이,너무 겹쳐요 일정들이
회사 생활 근황과 팀 내 문화 파악,최근 회사 생활,요즘 어떻게 지내고 계신가요? 회사 생활은 어떤가요?,주4일제,밤낮이 없어요
회사 생활 근황과 팀 내 문화 파악,최근 회사 생활,요즘 어떻게 지내고 계신가요? 회사 생활은 어떤가요?,ㄹㄹㄹ,집-회사-야근-집-회사...
회사 생활 근황과 팀 내 문화 파악,최근 회사 생활,요즘 어떻게 지내고 계신가요? 회사 생활은 어떤가요?,0101,"그냥....바빠요,,,"
회사 생활 근황과 팀 내 문화 파악,최근 회사 생활,요즘 어떻게 지내고 계신가요? 회사 생활은 어떤가요?,주디먀므,살려주세요
회사 생활 근황과 팀 내 문화 파악,최근 회사 생활,업무는 어떤가요?,진행자,(1) 질문2. 업무는 어떤가요?
회사 생활 근황과 팀 내 문화 파악,최근 회사 생활,업무는 어떤가요?,hhh,너무 힘들어요
회사 생활 근황과 팀 내 문화 파악,최근 회사 생활,업무는 어떤가요?,토르,힘들기도 한데 재미 있을 때도 있어요
회사 생활 근황과 팀 내 문화 파악,최근 회사 생활,업무는 어떤가요?,주4일제,휴가를 다 쓸수 있을지 몰겠어요
회사 생활 근황과 팀 내 문화 파악,최근 회사 생활,업무는 어떤가요?,hhh,병원 약을 달고 살아요
회사 생활 근황과 팀 내 문화 파악,최근 회사 생활,업무는 어떤가요?,야옹이는왈왈,일이 너무할정도로 많습니다ㅠㅠ 야근은 기본이고 주말에 일할때도 많구요
회사 생활 근황과 팀 내 문화 파악,최근 회사 생활,업무는 어떤가요?,경기침체,할만해요
회사 생활 근황과 팀 내 문화 파악,최근 회사 생활,업무는 어떤가요?,주4일제,팀원들은 너무 좋아요
회사 생활 근황과 팀 내 문화 파악,팀 내 분위기,"우리 팀, 부서의 분위기는 어떤지?",진행자,"(2) 질문2. 우리 팀, 부서의 분위기는 어떤지?"
회사 생활 근황과 팀 내 문화 파악,팀 내 분위기,"우리 팀, 부서의 분위기는 어떤지?",주4일제,으쌰으쌰 너무 좋아요!!! 팀원들 덕분에 일해요
회사 생활 근황과 팀 내 문화 파악,팀 내 분위기,"우리 팀, 부서의 분위기는 어떤지?",ㄹㄹㄹ,회사 사람들은 좋은데 클라이언트가 너무....
회사 생활 근황과 팀 내 문화 파악,팀 내 분위기,"우리 팀, 부서의 분위기는 어떤지?",자허블,우리팀 킹왕짱갓엠퍼럴최고예요
회사 생활 근황과 팀 내 문화 파악,팀 내 분위기,"우리 팀, 부서의 분위기는 어떤지?",야옹이는왈왈,본부+팀 사람들은 너무좋습니다~ 서로 토닥이며 돕는 분위기
회사 생활 근황과 팀 내 문화 파악,팀 내 분위기,"우리 팀, 부서의 분위기는 어떤지?",hhh,"팀원들, 팀장님은 좋아요"
회사 생활 근황과 팀 내 문화 파악,팀 내 분위기,"우리 팀, 부서의 분위기는 어떤지?",칸타리안,분위기 좋습니다~!
회사 생활 근황과 팀 내 문화 파악,팀 내 분위기,"우리 팀, 부서의 분위기는 어떤지?",당고,그냥 서로 할 일 하는 분위기..?
회사 생활 근황과 팀 내 문화 파악,팀 내 분위기,"우리 팀, 부서의 분위기는 어떤지?",토르,울 팀 다 좋아요.
회사 생활 근황과 팀 내 문화 파악,팀 내 분위기,"우리 팀, 부서의 분위기는 어떤지?",토르,으싸 으싸 합니다
회사 생활 근황과 팀 내 문화 파악,팀 내 분위기,"우리 팀, 부서의 분위기는 어떤지?",뭐라고할까,평소처럼 좋아요
회사 생활 근황과 팀 내 문화 파악,팀 내 분위기,"우리 팀, 부서의 분위기는 어떤지?",0101,회사 사람들은 좋아요
회사 생활 근황과 팀 내 문화 파악,팀 내 분위기,"우리 팀, 부서의 분위기는 어떤지?",seaaa,팀 분위기는 너무 좋아요
회사 생활 근황과 팀 내 문화 파악,팀 내 분위기,"우리 팀, 부서의 분위기는 어떤지?",?,팀 분위기는 좋아요!!
회사 생활 근황과 팀 내 문화 파악,팀 내 분위기,"우리 팀, 부서의 분위기는 어떤지?",코인물림,사람은 정말 좋아요
회사 생활 근황과 팀 내 문화 파악,팀 내 분위기,"우리 팀, 부서의 분위기는 어떤지?",ㄹㄹㄹ,근데 다들 말이 없어져요... 피폐해져가요
회사 생활 근황과 팀 내 문화 파악,팀 내 분위기,"우리 팀, 부서의 분위기는 어떤지?",grrrr,팀 부서 분위기 다 좋아요
회사 생활 근황과 팀 내 문화 파악,팀 내 분위기,"우리 팀, 부서의 분위기는 어떤지?",SK,일이 힘드니까 서로 챙겨주려고 하는데 기력이 없는...
회사 생활 근황과 팀 내 문화 파악,팀 내 분위기,"우리 팀, 부서의 분위기는 어떤지?",주4일제,야근메이트들 ㅎㅎㅎ
회사 생활 근황과 팀 내 문화 파악,팀 내 분위기,"우리 팀, 부서의 분위기는 어떤지?",경기침체,"사람들은 다 좋은데, 그 좋은 사람들이 다 나가는 분위기 ㅠㅠ"
회사 생활 근황과 팀 내 문화 파악,팀 내 분위기,"우리 팀, 부서의 분위기는 어떤지?",HJ,22
회사 생활 근황과 팀 내 문화 파악,팀 내 분위기,"우리 팀, 부서의 분위기는 어떤지?",당고,ㅋㅋㅋㅋㅋ
회사 생활 근황과 팀 내 문화 파악,팀 내 분위기,"우리 팀, 부서의 분위기는 어떤지?",배고프다,시간이 지날수록 젊은층과 으른층이 나뉘어요
회사 생활 근황과 팀 내 문화 파악,팀 내 분위기,"우리 팀, 부서의 분위기는 어떤지?",당고,3333
회사 생활 근황과 팀 내 문화 파악,팀 내 분위기,"우리 팀, 부서의 분위기는 어떤지?",아아,3333
회사 생활 근황과 팀 내 문화 파악,팀 내 분위기,"우리 팀, 부서의 분위기는 어떤지?",경기침체,무관한 거 같아요
회사 생활 근황과 팀 내 문화 파악,팀 내 분위기,"우리 팀, 부서의 분위기는 어떤지?",경기침체,직급/나이 상관없이 다 착하고 배려하는 마인드죠
회사 생활 근황과 팀 내 문화 파악,팀 내 분위기,"우리 팀, 부서의 분위기는 어떤지?",토르,나이차이가 있으니 공감하는 느낌이 달라요
회사 생활 근황과 팀 내 문화 파악,팀 내 분위기,"우리 팀, 부서의 분위기는 어떤지?",주4일제,중요한 팀의 일을 잘 모를때가 있어요
회사 생활 근황과 팀 내 문화 파악,팀 내 분위기,"우리 팀, 부서의 분위기는 어떤지?",주4일제,위에서 결정하시고 갑자기 밑에서 실무를 바로 들어갈 때가 있어요
회사 생활 근황과 팀 내 문화 파악,팀 내 분위기,"우리 팀, 부서의 분위기는 어떤지?",콩콩,다들 일에 치여서 너무 바쁘니 친해질 기회가 없어요 아쉬워요
회사 생활 근황과 팀 내 문화 파악,팀 내 분위기,우리 팀의 좋은 점 먼저 이야기 해볼까요?,진행자,(3) 질문3. 우리 팀의 좋은 점 먼저 이야기 해볼까요?
회사 생활 근황과 팀 내 문화 파악,팀 내 분위기,우리 팀의 좋은 점 먼저 이야기 해볼까요?,ㄹㄹㄹ,"클라이언트가 강압적일 때, 위에서는 그냥 OK 해버리시니 야근하며 팀장님이 조금 미울 때가 있어요"
회사 생활 근황과 팀 내 문화 파악,팀 내 분위기,우리 팀의 좋은 점 먼저 이야기 해볼까요?,Cannes,(소리가 안 들려요)
회사 생활 근황과 팀 내 문화 파악,팀 내 분위기,우리 팀의 좋은 점 먼저 이야기 해볼까요?,진행자,다른 분들은 소리 다 들리시나요?
회사 생활 근황과 팀 내 문화 파악,팀 내 분위기,우리 팀의 좋은 점 먼저 이야기 해볼까요?,seaaa,네 들립니다
회사 생활 근황과 팀 내 문화 파악,팀 내 분위기,우리 팀의 좋은 점 먼저 이야기 해볼까요?,강아지최고야,네 잘 들립니다~
회사 생활 근황과 팀 내 문화 파악,팀 내 분위기,우리 팀의 좋은 점 먼저 이야기 해볼까요?,SK,네
회사 생활 근황과 팀 내 문화 파악,팀 내 분위기,우리 팀의 좋은 점 먼저 이야기 해볼까요?,주4일제,우리 팀원들은 서로서로 도움 주고 도움 받고 있어요!
회사 생활 근황과 팀 내 문화 파악,팀 내 분위기,우리 팀의 좋은 점 먼저 이야기 해볼까요?,0101,네 잘 들립니다
회사 생활 근황과 팀 내 문화 파악,팀 내 분위기,우리 팀의 좋은 점 먼저 이야기 해볼까요?,뭐라고할까,저도 잘 들려요
회사 생활 근황과 팀 내 문화 파악,팀 내 분위기,우리 팀의 좋은 점 먼저 이야기 해볼까요?,진행자,(3) 질문3. 우리 팀의 좋은 점 먼저 이야기 해볼까요?
회사 생활 근황과 팀 내 문화 파악,팀 내 분위기,우리 팀의 좋은 점 먼저 이야기 해볼까요?,HJ,소리가 있었어요?
회사 생활 근황과 팀 내 문화 파악,팀 내 분위기,우리 팀의 좋은 점 먼저 이야기 해볼까요?,진행자,노트북 볼륨 켜주세요
회사 생활 근황과 팀 내 문화 파악,팀 내 분위기,우리 팀의 좋은 점 먼저 이야기 해볼까요?,토르,우리 팀은 서로 배려하고 서로 잘 하려고 합니다
회사 생활 근황과 팀 내 문화 파악,팀 내 분위기,우리 팀의 좋은 점 먼저 이야기 해볼까요?,당고,"고충을 이야기하거나, 일이 몰린다고 말씀드리면"
회사 생활 근황과 팀 내 문화 파악,팀 내 분위기,우리 팀의 좋은 점 먼저 이야기 해볼까요?,당고,잘 경청해주시고 조율해주세요
회사 생활 근황과 팀 내 문화 파악,팀 내 분위기,우리 팀의 좋은 점 먼저 이야기 해볼까요?,진행자,노트북 볼륨 켜주시고 이어폰 착용해 주시면 좋아요
회사 생활 근황과 팀 내 문화 파악,팀 내 분위기,우리 팀의 좋은 점 먼저 이야기 해볼까요?,야옹이는왈왈,서로를 최대한 배려해주려 항상 신경을 많이씁니다.
회사 생활 근황과 팀 내 문화 파악,팀 내 분위기,우리 팀의 좋은 점 먼저 이야기 해볼까요?,뭐라고할까,바쁠때 서로 도와주려고 하고 미리 계획된 휴가는 항상 챙겨주고 대직을 잘 해줘요
회사 생활 근황과 팀 내 문화 파악,팀 내 분위기,우리 팀의 좋은 점 먼저 이야기 해볼까요?,베르,회사에서 접속 하니까.. 비밀 보장이 안되는 ;;
회사 생활 근황과 팀 내 문화 파악,팀 내 분위기,우리 팀의 좋은 점 먼저 이야기 해볼까요?,칸타리안,후배들이 착하고 귀엽습니다.
회사 생활 근황과 팀 내 문화 파악,팀 내 분위기,우리 팀의 좋은 점 먼저 이야기 해볼까요?,코인물림,팀 내에서 소통 하는게 어렵지 않아요
회사 생활 근황과 팀 내 문화 파악,팀 내 분위기,우리 팀의 좋은 점 먼저 이야기 해볼까요?,ㄹㄹㄹ,근데 옆자리에 팀장님이 있는.....
회사 생활 근황과 팀 내 문화 파악,팀 내 분위기,우리 팀의 좋은 점 먼저 이야기 해볼까요?,도비,일만 잘 하면 자율성이 있음
회사 생활 근황과 팀 내 문화 파악,팀 내 분위기,우리 팀의 좋은 점 먼저 이야기 해볼까요?,피카츄,222
회사 생활 근황과 팀 내 문화 파악,팀 내 분위기,우리 팀의 좋은 점 먼저 이야기 해볼까요?,seaaa,저희도요
회사 생활 근황과 팀 내 문화 파악,팀 내 분위기,자율성이란?,진행자,자율성이란?
회사 생활 근황과 팀 내 문화 파악,팀 내 분위기,자율성이란?,도비,출퇴근이나 점심시간....
회사 생활 근황과 팀 내 문화 파악,팀 내 분위기,자율성이란?,피카츄,"출퇴근 시간, 점심시간 빡빡하지 않음"
회사 생활 근황과 팀 내 문화 파악,팀 내 분위기,자율성이란?,seaaa,"휴가나 재택하는 날, 출퇴근시간, 점심 건드리지 않아요"
회사 생활 근황과 팀 내 문화 파악,팀 내 분위기,자율성이란?,주4일제,나에게 분배된 업무만 한다면 근태에 영향 받지 않는 것
회사 생활 근황과 팀 내 문화 파악,팀 내 분위기,자율성이란?,당고,222
회사 생활 근황과 팀 내 문화 파악,팀 내 분위기,자율성이란?,경기침체,휴가 항상 보장해주시고 보내주려하시고
회사 생활 근황과 팀 내 문화 파악,팀 내 분위기,자율성이란?,아아,서로 서로 잘 챙겨줍니다
회사 생활 근황과 팀 내 문화 파악,팀 내 분위기,자율성이란?,뿌셔뿌셔,믿음!!
회사 생활 근황과 팀 내 문화 파악,팀 내 분위기,자율성이란?,당고,맡은 일만 잘하면 다른 건 크게 터치하지 않으세요
회사 생활 근황과 팀 내 문화 파악,팀 내 분위기,자율성이란?,야옹이는왈왈,"재택, 휴가는 최대한 챙겨주려 노력해주십니다"
회사 생활 근황과 팀 내 문화 파악,팀 내 분위기,자율성이란?,주4일제,업무 너무 많으면 조정 잘 해주세요 팀장님께서
회사 생활 근황과 팀 내 문화 파악,팀 내 분위기,자율성이란?,아아,22
회사 생활 근황과 팀 내 문화 파악,팀 내 분위기,자율성이란?,HJ,휴가는 챙겨주는데 재택은.......
회사 생활 근황과 팀 내 문화 파악,팀 내 분위기,자율성이란?,야옹이는왈왈,업무도 가능한 고르게 분배해주려 신경많이써주시구요
회사 생활 근황과 팀 내 문화 파악,팀 내 분위기,자율성이란?,HJ,팀바팀인듯요
회사 생활 근황과 팀 내 문화 파악,팀 내 분위기,자율성이란?,월요일은,잘한거 잘했다고해주고 힘든거 인정해주고 못한거 인격모독없이 피드백 주시는
회사 생활 근황과 팀 내 문화 파악,팀 내 관계 평가,우리 팀의 팀장과 팀원의 관계를 점수로 평가해 본다면 몇 점 정도 되는지? (10점 만점),진행자,(4) 질문4. 우리 팀의 팀장과 팀원의 관계를 점수로 평가해 본다면 몇 점 정도 되는지? (10점 만점)
회사 생활 근황과 팀 내 문화 파악,팀 내 관계 평가,우리 팀의 팀장과 팀원의 관계를 점수로 평가해 본다면 몇 점 정도 되는지? (10점 만점),주4일제,7점!
회사 생활 근황과 팀 내 문화 파악,팀 내 관계 평가,우리 팀의 팀장과 팀원의 관계를 점수로 평가해 본다면 몇 점 정도 되는지? (10점 만점),ㄹㄹㄹ,8점
회사 생활 근황과 팀 내 문화 파악,팀 내 관계 평가,우리 팀의 팀장과 팀원의 관계를 점수로 평가해 본다면 몇 점 정도 되는지? (10점 만점),grrrr,9점
회사 생활 근황과 팀 내 문화 파악,팀 내 관계 평가,우리 팀의 팀장과 팀원의 관계를 점수로 평가해 본다면 몇 점 정도 되는지? (10점 만점),뿌셔뿌셔,9.5점!
회사 생활 근황과 팀 내 문화 파악,팀 내 관계 평가,우리 팀의 팀장과 팀원의 관계를 점수로 평가해 본다면 몇 점 정도 되는지? (10점 만점),제우스,9.5
회사 생활 근황과 팀 내 문화 파악,팀 내 관계 평가,우리 팀의 팀장과 팀원의 관계를 점수로 평가해 본다면 몇 점 정도 되는지? (10점 만점),HJ,7
회사 생활 근황과 팀 내 문화 파악,팀 내 관계 평가,우리 팀의 팀장과 팀원의 관계를 점수로 평가해 본다면 몇 점 정도 되는지? (10점 만점),코인물림,10점
회사 생활 근황과 팀 내 문화 파악,팀 내 관계 평가,우리 팀의 팀장과 팀원의 관계를 점수로 평가해 본다면 몇 점 정도 되는지? (10점 만점),야옹이는왈왈,10점 퍼펙합니다
회사 생활 근황과 팀 내 문화 파악,팀 내 관계 평가,우리 팀의 팀장과 팀원의 관계를 점수로 평가해 본다면 몇 점 정도 되는지? (10점 만점),주4일제,7.814점
회사 생활 근황과 팀 내 문화 파악,팀 내 관계 평가,우리 팀의 팀장과 팀원의 관계를 점수로 평가해 본다면 몇 점 정도 되는지? (10점 만점),뭐라고할까,9.5점
회사 생활 근황과 팀 내 문화 파악,팀 내 관계 평가,우리 팀의 팀장과 팀원의 관계를 점수로 평가해 본다면 몇 점 정도 되는지? (10점 만점),이쑤신장군,10점만점에10점
회사 생활 근황과 팀 내 문화 파악,팀 내 관계 평가,우리 팀의 팀장과 팀원의 관계를 점수로 평가해 본다면 몇 점 정도 되는지? (10점 만점),배고프다,8점
회사 생활 근황과 팀 내 문화 파악,팀 내 관계 평가,우리 팀의 팀장과 팀원의 관계를 점수로 평가해 본다면 몇 점 정도 되는지? (10점 만점),오바메양,10점!
회사 생활 근황과 팀 내 문화 파악,팀 내 관계 평가,우리 팀의 팀장과 팀원의 관계를 점수로 평가해 본다면 몇 점 정도 되는지? (10점 만점),진인사대천명,9점요
회사 생활 근황과 팀 내 문화 파악,팀 내 관계 평가,우리 팀의 팀장과 팀원의 관계를 점수로 평가해 본다면 몇 점 정도 되는지? (10점 만점),zzz...,9.9점
회사 생활 근황과 팀 내 문화 파악,팀 내 관계 평가,우리 팀의 팀장과 팀원의 관계를 점수로 평가해 본다면 몇 점 정도 되는지? (10점 만점),hhh,9점
회사 생활 근황과 팀 내 문화 파악,팀 내 관계 평가,우리 팀의 팀장과 팀원의 관계를 점수로 평가해 본다면 몇 점 정도 되는지? (10점 만점),감자,9점!
회사 생활 근황과 팀 내 문화 파악,팀 내 관계 평가,우리 팀의 팀장과 팀원의 관계를 점수로 평가해 본다면 몇 점 정도 되는지? (10점 만점),토르,10
회사 생활 근황과 팀 내 문화 파악,팀 내 관계 평가,우리 팀의 팀장과 팀원의 관계를 점수로 평가해 본다면 몇 점 정도 되는지? (10점 만점),?,7점!
회사 생활 근황과 팀 내 문화 파악,팀 내 관계 평가,우리 팀의 팀장과 팀원의 관계를 점수로 평가해 본다면 몇 점 정도 되는지? (10점 만점),SK,8점
회사 생활 근황과 팀 내 문화 파악,팀 내 관계 평가,우리 팀의 팀장과 팀원의 관계를 점수로 평가해 본다면 몇 점 정도 되는지? (10점 만점),퇴근할랭,8
회사 생활 근황과 팀 내 문화 파악,팀 내 관계 평가,우리 팀의 팀장과 팀원의 관계를 점수로 평가해 본다면 몇 점 정도 되는지? (10점 만점),asdiiii,9점
회사 생활 근황과 팀 내 문화 파악,팀 내 관계 평가,우리 팀의 팀장과 팀원의 관계를 점수로 평가해 본다면 몇 점 정도 되는지? (10점 만점),피카츄,7
회사 생활 근황과 팀 내 문화 파악,팀 내 관계 평가,우리 팀의 팀장과 팀원의 관계를 점수로 평가해 본다면 몇 점 정도 되는지? (10점 만점),0505,6
회사 생활 근황과 팀 내 문화 파악,팀 내 관계 평가,우리 팀의 팀장과 팀원의 관계를 점수로 평가해 본다면 몇 점 정도 되는지? (10점 만점),경기침체,9점
회사 생활 근황과 팀 내 문화 파악,팀 내 관계 평가,우리 팀의 팀장과 팀원의 관계를 점수로 평가해 본다면 몇 점 정도 되는지? (10점 만점),파닥,8.5
회사 생활 근황과 팀 내 문화 파악,팀 내 관계 평가,우리 팀의 팀장과 팀원의 관계를 점수로 평가해 본다면 몇 점 정도 되는지? (10점 만점),도비,8
회사 생활 근황과 팀 내 문화 파악,팀 내 관계 평가,우리 팀의 팀장과 팀원의 관계를 점수로 평가해 본다면 몇 점 정도 되는지? (10점 만점),Kicj,6
회사 생활 근황과 팀 내 문화 파악,팀 내 관계 평가,우리 팀의 팀장과 팀원의 관계를 점수로 평가해 본다면 몇 점 정도 되는지? (10점 만점),진행자,(4) 질문4. 우리 팀의 팀장과 팀원의 관계를 점수로 평가해 본다면 몇 점 정도 되는지? (10점 만점)
회사 생활 근황과 팀 내 문화 파악,팀 내 관계 평가,우리 팀의 팀장과 팀원의 관계를 점수로 평가해 본다면 몇 점 정도 되는지? (10점 만점),제우스,생각보다 점수가 높네요
회사 생활 근황과 팀 내 문화 파악,팀 내 관계 평가,우리 팀의 팀장과 팀원의 관계를 점수로 평가해 본다면 몇 점 정도 되는지? (10점 만점),아아,8
회사 생활 근황과 팀 내 문화 파악,팀 내 관계 평가,우리 팀의 팀장과 팀원의 관계를 점수로 평가해 본다면 몇 점 정도 되는지? (10점 만점),야호,8점
회사 생활 근황과 팀 내 문화 파악,팀 내 관계 평가,우리 팀의 팀장과 팀원의 관계를 점수로 평가해 본다면 몇 점 정도 되는지? (10점 만점),도르박,9점이요!
회사 생활 근황과 팀 내 문화 파악,팀 내 관계 평가,우리 팀의 팀장과 팀원의 관계를 점수로 평가해 본다면 몇 점 정도 되는지? (10점 만점),녹차,9
회사 생활 근황과 팀 내 문화 파악,팀 내 관계 평가,우리 팀의 팀장과 팀원의 관계를 점수로 평가해 본다면 몇 점 정도 되는지? (10점 만점),노네임,5
회사 생활 근황과 팀 내 문화 파악,팀 내 관계 평가,우리 팀의 팀장과 팀원의 관계를 점수로 평가해 본다면 몇 점 정도 되는지? (10점 만점),0101,9
회사 생활 근황과 팀 내 문화 파악,팀 내 관계 평가,우리 팀의 팀장과 팀원의 관계를 점수로 평가해 본다면 몇 점 정도 되는지? (10점 만점),seaaa,7~9
회사 생활 근황과 팀 내 문화 파악,팀 내 관계 평가,우리 팀의 팀장과 팀원의 관계를 점수로 평가해 본다면 몇 점 정도 되는지? (10점 만점),10점만점에10점,닉값
회사 생활 근황과 팀 내 문화 파악,팀 내 관계 평가,우리 팀의 팀장과 팀원의 관계를 점수로 평가해 본다면 몇 점 정도 되는지? (10점 만점),콩콩,8
회사 생활 근황과 팀 내 문화 파악,팀 내 관계 평가,우리 팀의 팀장과 팀원의 관계를 점수로 평가해 본다면 몇 점 정도 되는지? (10점 만점),콩콩이,7점!
회사 생활 근황과 팀 내 문화 파악,팀 내 관계 평가,이 점수를 준 이유는? 10점 줄수 있는 이유는?,진행자,(5) 질문4-1. 이 점수를 준 이유는?
회사 생활 근황과 팀 내 문화 파악,팀 내 관계 평가,이 점수를 준 이유는? 10점 줄수 있는 이유는?,진행자,10점 줄수 있는 이유는?
회사 생활 근황과 팀 내 문화 파악,팀 내 관계 평가,이 점수를 준 이유는? 10점 줄수 있는 이유는?,야옹이는왈왈,"앞서 언급했듯이, 서로의 입장을 최대한 이해+존중하고 배려하는 게 너무너무 좋습니다."
회사 생활 근황과 팀 내 문화 파악,팀 내 관계 평가,이 점수를 준 이유는? 10점 줄수 있는 이유는?,코인물림,"팀원과의 소통, 업무 분배, 팀 관리를 하면서도 실무를 가장 잘하심"
회사 생활 근황과 팀 내 문화 파악,팀 내 관계 평가,이 점수를 준 이유는? 10점 줄수 있는 이유는?,토르,서로 배려 해주는 부분 때문에요
회사 생활 근황과 팀 내 문화 파악,팀 내 관계 평가,8~9점 높은 점수 줄 수 있는 이유는?,진행자,8~9점 높은 점수 줄 수 있는 이유는?
회사 생활 근황과 팀 내 문화 파악,팀 내 관계 평가,8~9점 높은 점수 줄 수 있는 이유는?,토르,서로 믿음을 줍니다
회사 생활 근황과 팀 내 문화 파악,팀 내 관계 평가,8~9점 높은 점수 줄 수 있는 이유는?,뭐라고할까,"어려운 일이 있을 때 팀장님한테 말씀 드릴 수 있고, 바로 해결하실 수 없는 부분이라도 일단은 경청해서 들어주세요"
회사 생활 근황과 팀 내 문화 파악,팀 내 관계 평가,8~9점 높은 점수 줄 수 있는 이유는?,SK,조정이 필요한 순간에 중재를 해주심
회사 생활 근황과 팀 내 문화 파악,팀 내 관계 평가,8~9점 높은 점수 줄 수 있는 이유는?,제우스,"수평적인 관계, 팀원들의 의견에 귀 기울여 주시고 최대한 팀원들 모두가 만족스럽게 지낼 수 있도록 노력하심"
회사 생활 근황과 팀 내 문화 파악,팀 내 관계 평가,8~9점 높은 점수 줄 수 있는 이유는?,뿌셔뿌셔,실수할 때 탓을 하지 않고 피드백을 주시며 성장 기회를 주신다.
회사 생활 근황과 팀 내 문화 파악,팀 내 관계 평가,8~9점 높은 점수 줄 수 있는 이유는?,seaaa,인간적으로 대해주세요
회사 생활 근황과 팀 내 문화 파악,팀 내 관계 평가,8~9점 높은 점수 줄 수 있는 이유는?,진인사대천명,실력+성격이 최고입니다. 따를 수 밖에 없는 사람
회사 생활 근황과 팀 내 문화 파악,팀 내 관계 평가,8~9점 높은 점수 줄 수 있는 이유는?,S,원넓이] 굉장히 많이 챙겨주십니다! 가끔은 걱정될 정도로 당신보다 남을 더 챙기세요
회사 생활 근황과 팀 내 문화 파악,팀 내 관계 평가,8~9점 높은 점수 줄 수 있는 이유는?,yoyo,"업무에 대해 항상 피드백을 주시고, 감정적으로 사람을 대하지 않고, 팀원들의 업무를 항상 모두 파악해서 잘 나눠주셔요"
회사 생활 근황과 팀 내 문화 파악,팀 내 관계 평가,8~9점 높은 점수 줄 수 있는 이유는?,SK,다른 부분도 있겠지만 업무적인 부분이 젤 큰거같아요 시간은 한정되어있는데 업무는 넘 많으니까요
회사 생활 근황과 팀 내 문화 파악,팀 내 관계 평가,8~9점 높은 점수 줄 수 있는 이유는?,감자,의견을 잘 수렴해주시고 수직적이지 않아요 편하게 잘 대해주십니다
회사 생활 근황과 팀 내 문화 파악,팀 내 관계 평가,"수평적인 관계, 수직적이지 않은 관계를 느낄 수 있었던 순간은?",진행자,"수평적인 관계, 수직적이지 않은 관계를 느낄 수 있었던 순간은?"
회사 생활 근황과 팀 내 문화 파악,팀 내 관계 평가,"수평적인 관계, 수직적이지 않은 관계를 느낄 수 있었던 순간은?",ㄹㄹㄹ,"팀원에게 감정적으로 대하지 않고, 업무 실력이 뛰어나세요"
회사 생활 근황과 팀 내 문화 파악,팀 내 관계 평가,5~7점을 준 이유는?,진행자,5~7점을 준 이유는?
회사 생활 근황과 팀 내 문화 파악,팀 내 관계 평가,5~7점을 준 이유는?,주4일제,"7점: 팀원들 사이에 팀워크와 분위기는 매우 좋지만, 가끔 탑다운 형식으로 팀 안에 어떤 프로젝트가 돌아가는지, 어떤 업무를 배분 받게 되는지 잘 몰라서 갑자기 투입되는 경우가 가끔 있어요. 누가 휴가인지 모를 때도 있구요."
회사 생활 근황과 팀 내 문화 파악,팀 내 관계 평가,5~7점을 준 이유는?,?,통보보다 설명을 좀 해주면 좋겠음
회사 생활 근황과 팀 내 문화 파악,팀 내 관계 평가,5~7점을 준 이유는?,콩콩,"8점 이유: 팀원 의견도 물어봄(확인함), 의사결정 시(팀원 의견과 다를 경우) 이유 설명"
회사 생활 근황과 팀 내 문화 파악,팀 내 관계 평가,5~7점을 준 이유는?,seaaa,가끔 말을 안해서 원하는게 무엇인지 모르겠는데 팀원이 알길 바라는 것 같아요
회사 생활 근황과 팀 내 문화 파악,팀 내 관계 평가,5~7점을 준 이유는?,진행자,5~7점을 준 이유는?
회사 생활 근황과 팀 내 문화 파악,팀 내 관계 평가,5~7점을 준 이유는?,경기침체,abejnfqekq를 말하면 abcde로 정리해야함
회사 생활 근황과 팀 내 문화 파악,팀 내 관계 평가,5~7점을 준 이유는?,Kicj,"성격이나 실력 자체는 좋지만, 팀 내에서 처음 해 보는 프로젝트에 대해서 아무런 설명이나 인수인계없이 주니어에게 모든 걸 다 해내라고 하는 것"
회사 생활 근황과 팀 내 문화 파악,팀 내 관계 평가,5~7점을 준 이유는?,피카츄,업무가 너무 많아서 매니징이 안되는 느낌
회사 생활 근황과 팀 내 문화 파악,팀 내 관계 평가,5~7점을 준 이유는?,처음입니다만,업무가이드가 명확하지 않아서 혼란스러울때도 있어요
회사 생활 근황과 팀 내 문화 파악,팀 내 관계 평가,5~7점을 준 이유는?,주4일제,왜 힘들어 하는지 공감을 못하실 때도 있어요.
회사 생활 근황과 팀 내 문화 파악,팀 내 관계 평가,5~7점을 준 이유는?,야옹이는왈왈,"수평적인 관계를 느낄 수 있었던 순간은 힘들거나 중재가 필요한 사항을 이야기했을 때, 1) 먼저 최대한 귀기울여 듣고 2) 무시하거나 강압적인 태도가 아닌, 존중하는 태도로 대해주심 3) 최대한 조정해주시고, 어려울 경우 그 이유를 최대한 상세하게 설명 & 나중에라도 보상을 조금이나마 해주려고 노력하는 모습을 보여주심"
회사 생활 근황과 팀 내 문화 파악,팀 내 관계 평가,5~7점을 준 이유는?,HJ,인간적으로는 좋은데 관리자로서 좀 더 단호한 가이드/결정을 해줬으면 좋겠는 부분이 있다
회사 생활 근황과 팀 내 문화 파악,팀 리더에 대한 팀원들의 인식 파악,본받고 싶은 점 vs. 절대 배우고 싶지 않은 리더의 모습은?,진행자,(7) 질문6. 본받고 싶은 점 vs. 절대 배우고 싶지 않은 리더의 모습은?
회사 생활 근황과 팀 내 문화 파악,팀 리더에 대한 팀원들의 인식 파악,본받고 싶은 점 vs. 절대 배우고 싶지 않은 리더의 모습은?,야옹이는왈왈,"다만 팀장+윗급의 매니징할 업무가 너무 많아서 본인들도 힘겨워하시는 경우를 볼 수 있습니다. 그럴때에는 약간 수평적인 부분이 어긋나긴 하는데, 그정도는 입장바꿔 생각해보면 이해가 가긴 합니다."
회사 생활 근황과 팀 내 문화 파악,팀 리더에 대한 팀원들의 인식 파악,본받고 싶은 점 vs. 절대 배우고 싶지 않은 리더의 모습은?,당고,"팀장님한테 가는 건 해답을 원하고, 결정해주기 원해서인데"
회사 생활 근황과 팀 내 문화 파악,팀 리더에 대한 팀원들의 인식 파악,"먼저 이런 점도 본받고 싶다, 나도 팀장이 되면 저렇게 해야겠다고 생각하는 점들?",진행자,"질문6-1. 먼저 이런 점도 본받고 싶다, 나도 팀장이 되면 저렇게 해야겠다고 생각하는 점들?"
회사 생활 근황과 팀 내 문화 파악,팀 리더에 대한 팀원들의 인식 파악,"먼저 이런 점도 본받고 싶다, 나도 팀장이 되면 저렇게 해야겠다고 생각하는 점들?",당고,본인도 모르겠다고 하고 무책임한 모습을 보이실 때 실망스러울 때가 있습니다
회사 생활 근황과 팀 내 문화 파악,팀 리더에 대한 팀원들의 인식 파악,"먼저 이런 점도 본받고 싶다, 나도 팀장이 되면 저렇게 해야겠다고 생각하는 점들?",Kicj,"실수에 대해서 피드백을 명확히 주지만, 그 이후에 감정적으로 대하진 않는 것"
회사 생활 근황과 팀 내 문화 파악,팀 리더에 대한 팀원들의 인식 파악,"먼저 이런 점도 본받고 싶다, 나도 팀장이 되면 저렇게 해야겠다고 생각하는 점들?",토르,언제나 열심히 하고 해결해 주려고 노력 하십니다
회사 생활 근황과 팀 내 문화 파악,팀 리더에 대한 팀원들의 인식 파악,"먼저 이런 점도 본받고 싶다, 나도 팀장이 되면 저렇게 해야겠다고 생각하는 점들?",당고,"그러면 점점 소통을 줄이고, 되든 안되든 혼자 알아서 하게 되는 것 같아요"
회사 생활 근황과 팀 내 문화 파악,팀 리더에 대한 팀원들의 인식 파악,"먼저 이런 점도 본받고 싶다, 나도 팀장이 되면 저렇게 해야겠다고 생각하는 점들?",10점만점에10점,업무량은 월급이 많은 순으로..
회사 생활 근황과 팀 내 문화 파악,팀 리더에 대한 팀원들의 인식 파악,"먼저 이런 점도 본받고 싶다, 나도 팀장이 되면 저렇게 해야겠다고 생각하는 점들?",주4일제,팀장님의 뛰어난 보고서 작성 스킬과 PT 능력 본받고 싶어요 ㅎㅎ
회사 생활 근황과 팀 내 문화 파악,팀 리더에 대한 팀원들의 인식 파악,"먼저 이런 점도 본받고 싶다, 나도 팀장이 되면 저렇게 해야겠다고 생각하는 점들?",ㄹㄹㄹ,본인의 부정적인 감정을 드러내지 않는 것
회사 생활 근황과 팀 내 문화 파악,팀 리더에 대한 팀원들의 인식 파악,"먼저 이런 점도 본받고 싶다, 나도 팀장이 되면 저렇게 해야겠다고 생각하는 점들?",ㄹㄹㄹ,팀장이니까 일을 더 한다고 말씀하시는 부분
회사 생활 근황과 팀 내 문화 파악,팀 리더에 대한 팀원들의 인식 파악,"먼저 이런 점도 본받고 싶다, 나도 팀장이 되면 저렇게 해야겠다고 생각하는 점들?",seaaa,감정적으로 대처하지 않고 신중한 것
회사 생활 근황과 팀 내 문화 파악,팀 리더에 대한 팀원들의 인식 파악,"먼저 이런 점도 본받고 싶다, 나도 팀장이 되면 저렇게 해야겠다고 생각하는 점들?",뭐라고할까,"미안하다, 고맙다 표현하는 점"
회사 생활 근황과 팀 내 문화 파악,팀 리더에 대한 팀원들의 인식 파악,"먼저 이런 점도 본받고 싶다, 나도 팀장이 되면 저렇게 해야겠다고 생각하는 점들?",제우스,고생했다. 잘했다. 고맙다. 별거 아닌데 저런 말씀 자주 해주시면 일할 때 힘이 많이 남.
회사 생활 근황과 팀 내 문화 파악,팀 리더에 대한 팀원들의 인식 파악,"먼저 이런 점도 본받고 싶다, 나도 팀장이 되면 저렇게 해야겠다고 생각하는 점들?",뿌셔뿌셔,감정적으로 하시지 않고 신중하고 침착하게 대해주시는 것
회사 생활 근황과 팀 내 문화 파악,팀 리더에 대한 팀원들의 인식 파악,"먼저 이런 점도 본받고 싶다, 나도 팀장이 되면 저렇게 해야겠다고 생각하는 점들?",0101,"인간적으로도 본받을 점이 많고 업무도 잘 하시는 점, 팀장으로서 책임을 다하는 모습을 보여주심"
회사 생활 근황과 팀 내 문화 파악,팀 리더에 대한 팀원들의 인식 파악,"먼저 이런 점도 본받고 싶다, 나도 팀장이 되면 저렇게 해야겠다고 생각하는 점들?",코인물림,팀원의 의견을 경청하시려는 모습
회사 생활 근황과 팀 내 문화 파악,팀 리더에 대한 팀원들의 인식 파악,"먼저 이런 점도 본받고 싶다, 나도 팀장이 되면 저렇게 해야겠다고 생각하는 점들?",토르,22
회사 생활 근황과 팀 내 문화 파악,팀 리더에 대한 팀원들의 인식 파악,"먼저 이런 점도 본받고 싶다, 나도 팀장이 되면 저렇게 해야겠다고 생각하는 점들?",야옹이는왈왈,"본받고싶은점: 존중하고 배려하는 태도, 팀원에게 어렵지 않게 친근한게 다가갈 수 있는 친화력, 차분하게 하나하나 설명해주시는 친절함+업무 능력 배우고싶지 않은점: 강단있게 컷 해야될 상황이 있는데 그러지 못할 때 (ex. 클라의 followup, 일정 등 측면에서 무리한 요구 등등)"
회사 생활 근황과 팀 내 문화 파악,팀 리더에 대한 팀원들의 인식 파악,"먼저 이런 점도 본받고 싶다, 나도 팀장이 되면 저렇게 해야겠다고 생각하는 점들?",피카츄,바쁘지만 긍정적 피드백이 있다면 해주시려고 하는 느낌
회사 생활 근황과 팀 내 문화 파악,팀 리더에 대한 팀원들의 인식 파악,"먼저 이런 점도 본받고 싶다, 나도 팀장이 되면 저렇게 해야겠다고 생각하는 점들?",주4일제,실수 했을 때 혼내시기 보다는 어떻게 개선해야 하는지를 알려주시는 점
회사 생활 근황과 팀 내 문화 파악,팀 리더에 대한 팀원들의 인식 파악,"먼저 이런 점도 본받고 싶다, 나도 팀장이 되면 저렇게 해야겠다고 생각하는 점들?",진인사대천명,모든사람한테 평등하게 대하는점
회사 생활 근황과 팀 내 문화 파악,팀 리더에 대한 팀원들의 인식 파악,"먼저 이런 점도 본받고 싶다, 나도 팀장이 되면 저렇게 해야겠다고 생각하는 점들?",ㅇ6,클라이언트와 팀원들 사이에서 중재를 해주시는 점
회사 생활 근황과 팀 내 문화 파악,팀 리더에 대한 팀원들의 인식 파악,"먼저 이런 점도 본받고 싶다, 나도 팀장이 되면 저렇게 해야겠다고 생각하는 점들?",yoyo,능력도 있지만 우선 감정적으로 사람을 대하지 않고 의견을 진심으로 들어주시는 모습
회사 생활 근황과 팀 내 문화 파악,팀 리더에 대한 팀원들의 인식 파악,"먼저 이런 점도 본받고 싶다, 나도 팀장이 되면 저렇게 해야겠다고 생각하는 점들?",Kicj,클라이언트에게 할 말은 하는 당당한 모습
회사 생활 근황과 팀 내 문화 파악,팀 리더에 대한 팀원들의 인식 파악,다음으로 이런 점은 절대 배우고 싶지 않다고 생각되는 리더의 모습은?,진행자,질문6-2. 다음으로 이런 점은 절대 배우고 싶지 않다고 생각되는 리더의 모습은?
회사 생활 근황과 팀 내 문화 파악,팀 리더에 대한 팀원들의 인식 파악,다음으로 이런 점은 절대 배우고 싶지 않다고 생각되는 리더의 모습은?,뿌셔뿌셔,칭찬을 좀 더 해주고 격려를 해주자
회사 생활 근황과 팀 내 문화 파악,팀 리더에 대한 팀원들의 인식 파악,다음으로 이런 점은 절대 배우고 싶지 않다고 생각되는 리더의 모습은?,야옹이는왈왈,무리한 클라이언트 요구까지 다 들어주는건....ㅠㅠ
회사 생활 근황과 팀 내 문화 파악,팀 리더에 대한 팀원들의 인식 파악,다음으로 이런 점은 절대 배우고 싶지 않다고 생각되는 리더의 모습은?,ㄹㄹㄹ,클라이언트의 갑작스럽고 강압적인 요청에 굴복하는 것....
회사 생활 근황과 팀 내 문화 파악,팀 리더에 대한 팀원들의 인식 파악,다음으로 이런 점은 절대 배우고 싶지 않다고 생각되는 리더의 모습은?,yoyo,팀원들의 업무량이나 상황을 알면서도 클라이언트나 윗선에 무조건 yes 하는 점 본받고 싶지 않아요
회사 생활 근황과 팀 내 문화 파악,팀 리더에 대한 팀원들의 인식 파악,다음으로 이런 점은 절대 배우고 싶지 않다고 생각되는 리더의 모습은?,후레쉬번,감정을 그대로 팀원들에게 표출하는 것..
회사 생활 근황과 팀 내 문화 파악,팀 리더에 대한 팀원들의 인식 파악,다음으로 이런 점은 절대 배우고 싶지 않다고 생각되는 리더의 모습은?,감자,기분이 태도가 되는 모습
회사 생활 근황과 팀 내 문화 파악,팀 리더에 대한 팀원들의 인식 파악,다음으로 이런 점은 절대 배우고 싶지 않다고 생각되는 리더의 모습은?,0101,"무리한 요구에 대해서 No 가 잘 안되는 것,,,,"
회사 생활 근황과 팀 내 문화 파악,팀 리더에 대한 팀원들의 인식 파악,다음으로 이런 점은 절대 배우고 싶지 않다고 생각되는 리더의 모습은?,내이름이뭐야,팀원들의 휴가나 업무로드를 챙겨주는 점이 필요해보여요
회사 생활 근황과 팀 내 문화 파악,팀 리더에 대한 팀원들의 인식 파악,다음으로 이런 점은 절대 배우고 싶지 않다고 생각되는 리더의 모습은?,뭐라고할까,팀원들 너무 믿고 일 떠넘기는거
회사 생활 근황과 팀 내 문화 파악,팀 리더에 대한 팀원들의 인식 파악,다음으로 이런 점은 절대 배우고 싶지 않다고 생각되는 리더의 모습은?,도비,보고서 쓸때 나랑은 ok 했는데 상무님등 높은 분이 피드백 주면 왜 그렇게 안했냐고 할때....
회사 생활 근황과 팀 내 문화 파악,팀 리더에 대한 팀원들의 인식 파악,다음으로 이런 점은 절대 배우고 싶지 않다고 생각되는 리더의 모습은?,노네임,"다른 사람의 평가를 듣고 그 사람을 평가하기 보단, 내가 직접 느낀 그 사람에 대한 느낌을 바탕으로 평가해주기."
회사 생활 근황과 팀 내 문화 파악,팀 리더에 대한 팀원들의 인식 파악,다음으로 이런 점은 절대 배우고 싶지 않다고 생각되는 리더의 모습은?,0101,"그런데 이게 사실 팀장님 개인의 문제인지는 모르겠어요,,"
회사 생활 근황과 팀 내 문화 파악,팀 리더에 대한 팀원들의 인식 파악,다음으로 이런 점은 절대 배우고 싶지 않다고 생각되는 리더의 모습은?,seaaa,"너무 대놓고 남의 편인 것 (클라이언트, 윗분들, 하다못해 다른 팀까지)"
회사 생활 근황과 팀 내 문화 파악,팀 리더에 대한 팀원들의 인식 파악,다음으로 이런 점은 절대 배우고 싶지 않다고 생각되는 리더의 모습은?,주4일제,가끔 너무 바쁘시면 프록트 PM이 되어 주시지 않는점.. 실무를 해야 하는 주니어가 다 떠안아야 하는 점
회사 생활 근황과 팀 내 문화 파악,팀 리더에 대한 팀원들의 인식 파악,다음으로 이런 점은 절대 배우고 싶지 않다고 생각되는 리더의 모습은?,진인사대천명,기분이 태도가 되는 것 22
회사 생활 근황과 팀 내 문화 파악,팀 리더에 대한 팀원들의 인식 파악,다음으로 이런 점은 절대 배우고 싶지 않다고 생각되는 리더의 모습은?,ㅇ6,3333
회사 생활 근황과 팀 내 문화 파악,팀 리더에 대한 팀원들의 인식 파악,다음으로 이런 점은 절대 배우고 싶지 않다고 생각되는 리더의 모습은?,야옹이는왈왈,작성하긴 했는데... 생각해보니 팀장님도 사람인지라 분명 어려운 입장이 있다고 생각은 됩니다. 회사 측에서도 함께 해결하려는 노력이 필요하지 않을까 싶네요
회사 생활 및 팀 내 문화에 대한 개선 사항,팀에 바라는 개선 사항,내가 생각하는 이상적인 팀 혹은 조직은 어떤 모습인지?,진행자,(8) 질문7. 내가 생각하는 이상적인 팀 혹은 조직은 어떤 모습인지?
회사 생활 및 팀 내 문화에 대한 개선 사항,팀에 바라는 개선 사항,내가 생각하는 이상적인 팀 혹은 조직은 어떤 모습인지?,ㄹㄹㄹ,고객사의 만족도가 인사고과에 반영된다는 말이 있던데.... 그런 이유 때문에 No를 잘 못하시는 것 같기도 해요
회사 생활 및 팀 내 문화에 대한 개선 사항,팀에 바라는 개선 사항,내가 생각하는 이상적인 팀 혹은 조직은 어떤 모습인지?,월요일은,All 재택으로도 돌아갈수 있는 신뢰
회사 생활 및 팀 내 문화에 대한 개선 사항,팀에 바라는 개선 사항,내가 생각하는 이상적인 팀 혹은 조직은 어떤 모습인지?,도비,여유인원이 한명도 없어서 한명이 휴가 등으로 빠지면 나머지 인원이 너무 고통받는 구조라서 개선 필요해보여요
회사 생활 및 팀 내 문화에 대한 개선 사항,팀에 바라는 개선 사항,내가 생각하는 이상적인 팀 혹은 조직은 어떤 모습인지?,seaaa,맞아요 휴가갈때 아무도 뭐라 안해도 눈치보여요
회사 생활 및 팀 내 문화에 대한 개선 사항,팀에 바라는 개선 사항,내가 생각하는 이상적인 팀 혹은 조직은 어떤 모습인지?,주4일제,"필요 할때는 바빠도 팀회의를 하면서 서로 프로젝트에 대해서 이해하고, 가끔은 바쁘지만 얼굴 보고 밥도 먹으면서 허심탄회하게 얘기하는 기회가 자주 있었으면 해요"
회사 생활 및 팀 내 문화에 대한 개선 사항,팀에 바라는 개선 사항,내가 생각하는 이상적인 팀 혹은 조직은 어떤 모습인지?,야근요정,대체 인원이 충분히 있어서 개인 사유로 편히 쉴 수 있으면
회사 생활 및 팀 내 문화에 대한 개선 사항,팀에 바라는 개선 사항,내가 생각하는 이상적인 팀 혹은 조직은 어떤 모습인지?,피카츄,저도 공감합니다 물리적으로 어려운 일정에도 NO를 할 수 없다보니 그것이 팀 분위기에 영향을 주는 것 같아요
회사 생활 및 팀 내 문화에 대한 개선 사항,팀에 바라는 개선 사항,내가 생각하는 이상적인 팀 혹은 조직은 어떤 모습인지?,ㄹㄹㄹ,"특정 프로젝트에 일이 몰릴 때, 서로 조금씩 더 도와줬으면 해요"
회사 생활 및 팀 내 문화에 대한 개선 사항,팀에 바라는 개선 사항,내가 생각하는 이상적인 팀 혹은 조직은 어떤 모습인지?,야근요정,휴가인데도 업무 대문에 팀에서 계속 연락오면 스트레스 받습니다
회사 생활 및 팀 내 문화에 대한 개선 사항,팀에 바라는 개선 사항,내가 생각하는 이상적인 팀 혹은 조직은 어떤 모습인지?,ㄹㄹㄹ,집에 가는 사람은 계속 집에 가고... 일이 몰린 사람은 몇 달 동안 홀로 야근해서 울고 싶어요
회사 생활 및 팀 내 문화에 대한 개선 사항,팀에 바라는 개선 사항,내가 생각하는 이상적인 팀 혹은 조직은 어떤 모습인지?,내이름이뭐야,휴가여도 이메일 응대하라는 연락을 받으면 현타가 오죠
회사 생활 및 팀 내 문화에 대한 개선 사항,팀에 바라는 개선 사항,내가 생각하는 이상적인 팀 혹은 조직은 어떤 모습인지?,경기침체,팀 매출 타겟 조정
회사 생활 및 팀 내 문화에 대한 개선 사항,팀에 바라는 개선 사항,내가 생각하는 이상적인 팀 혹은 조직은 어떤 모습인지?,10점만점에10점,팀장님이 혼자 야근하니까 퇴근 하는게 눈치 보여요
회사 생활 및 팀 내 문화에 대한 개선 사항,팀에 바라는 개선 사항,내가 생각하는 이상적인 팀 혹은 조직은 어떤 모습인지?,경기침체,인센을 못 받아요
회사 생활 및 팀 내 문화에 대한 개선 사항,팀에 바라는 개선 사항,내가 생각하는 이상적인 팀 혹은 조직은 어떤 모습인지?,야옹이는왈왈,"솔직히 지금 본부+팀 분위기 너무 좋아서 더 좋은사람들 만날 수 있을까 싶습니다. 정말로 업무량이 최대스트레스라 그것만 잘 해결된다면.... : ) +아 그리고 재택 현행 고정2일말고, 할수있을때 좀더 자율적으로최대한 재택하면 좋겠습니다. 집에 있다고 일 안하고 놀수있는 구조가 아니다보니ㅎㅎ"
회사 생활 및 팀 내 문화에 대한 개선 사항,팀에 바라는 개선 사항,내가 생각하는 이상적인 팀 혹은 조직은 어떤 모습인지?,주4일제,맞아요 222
회사 생활 및 팀 내 문화에 대한 개선 사항,팀에 바라는 개선 사항,내가 생각하는 이상적인 팀 혹은 조직은 어떤 모습인지?,0101,"업무특성상 대무자가 잘 없는데 일정은 조정이 안되고, 그와중에 클라이언트가 추가로 요청하는건 너무 많은데 그걸 다 받아버리니까 너무 지쳐요"
회사 생활 및 팀 내 문화에 대한 개선 사항,팀에 바라는 개선 사항,내가 생각하는 이상적인 팀 혹은 조직은 어떤 모습인지?,ㄹㄹㄹ,꼭 돈이 아니더라도 야근에 대한 보상이 있었으면 좋겠어요
회사 생활 및 팀 내 문화에 대한 개선 사항,팀에 바라는 개선 사항,내가 생각하는 이상적인 팀 혹은 조직은 어떤 모습인지?,야근요정,콩체크나 마코노미 타임시트로 야근 시간 체크하는거는 무의미해보여요
회사 생활 및 팀 내 문화에 대한 개선 사항,팀에 바라는 개선 사항,내가 생각하는 이상적인 팀 혹은 조직은 어떤 모습인지?,ㄹㄹㄹ,일은 죽도록 했는데 매출 타겟을 못 맞춰서 인센을 많이 못 받는다 하니 현타가 와요
회사 생활 및 팀 내 문화에 대한 개선 사항,팀에 바라는 개선 사항,내가 생각하는 이상적인 팀 혹은 조직은 어떤 모습인지?,경기침체,트랙킹 없는 팀은
회사 생활 및 팀 내 문화에 대한 개선 사항,팀에 바라는 개선 사항,내가 생각하는 이상적인 팀 혹은 조직은 어떤 모습인지?,경기침체,매출 타겟을 낮춰줬으면..
회사 생활 및 팀 내 문화에 대한 개선 사항,팀에 바라는 개선 사항,내가 생각하는 이상적인 팀 혹은 조직은 어떤 모습인지?,야옹이는왈왈,"이상적인 팀/조직: 지금 함께하는 사람들과 웃으면서, 매일은 아니더라도 자주 제때 퇴근하고 싶습니다ㅎㅎ"
회사 생활 및 팀 내 문화에 대한 개선 사항,팀에 바라는 개선 사항,내가 생각하는 이상적인 팀 혹은 조직은 어떤 모습인지?,뭐라고할까,주말근무나 휴일근무하면 대체휴일 줬으면 좋겠어요
회사 생활 및 팀 내 문화에 대한 개선 사항,팀에 바라는 개선 사항,내가 생각하는 이상적인 팀 혹은 조직은 어떤 모습인지?,제우스,인센티브 기준도 투명하게 공유하고 이렇게 힘들게 타겟 맞춰야하면 잘 챙겨줬으면 좋겠어요
회사 생활 및 팀 내 문화에 대한 개선 사항,팀에 바라는 개선 사항,내가 생각하는 이상적인 팀 혹은 조직은 어떤 모습인지?,yoyo,대체휴일 정말 필요해요
회사 생활 및 팀 내 문화에 대한 개선 사항,팀에 바라는 개선 사항,내가 생각하는 이상적인 팀 혹은 조직은 어떤 모습인지?,도비,맞아요 크리에이티브 워크샵 토요일에 하면 월요일엔 쉬게 해주세요
회사 생활 및 팀 내 문화에 대한 개선 사항,팀에 바라는 개선 사항,내가 생각하는 이상적인 팀 혹은 조직은 어떤 모습인지?,피카츄,타겟이 너무 높아요
회사 생활 및 팀 내 문화에 대한 개선 사항,팀에 바라는 개선 사항,내가 생각하는 이상적인 팀 혹은 조직은 어떤 모습인지?,0101,보고서 나가고 나서 요청사항 오는거 횟수 제한이라든가 돈을 추가로 좀 받았으면 좋겠어요
회사 생활 및 팀 내 문화에 대한 개선 사항,팀에 바라는 개선 사항,내가 생각하는 이상적인 팀 혹은 조직은 어떤 모습인지?,0101,대체휴일 진짜 너무 필요함
회사 생활 및 팀 내 문화에 대한 개선 사항,팀에 바라는 개선 사항,내가 생각하는 이상적인 팀 혹은 조직은 어떤 모습인지?,ㄹㄹㄹ,연말에 일이 몰려서 절대 휴가 못 쓰는데
회사 생활 및 팀 내 문화에 대한 개선 사항,팀에 바라는 개선 사항,내가 생각하는 이상적인 팀 혹은 조직은 어떤 모습인지?,야옹이는왈왈,보고서 제출후 팔로우업 위 의견 저도 동의합니다
회사 생활 및 팀 내 문화에 대한 개선 사항,팀에 바라는 개선 사항,내가 생각하는 이상적인 팀 혹은 조직은 어떤 모습인지?,ㄹㄹㄹ,잔여 휴가를 돈으로 줬으면 좋겠어요....
회사 생활 및 팀 내 문화에 대한 개선 사항,팀에 바라는 개선 사항,내가 생각하는 이상적인 팀 혹은 조직은 어떤 모습인지?,야근요정,"컨설팅업체들 보면 프로젝트 끝나고 조금 쉴틈이 있는데, 저희는 프로젝트 끝나면 바로 투입될 프로젝트가 기다리고 있어서......숨을 돌릴 틈이 없어요. 회복하는 시간도 필요해요"
회사 생활 및 팀 내 문화에 대한 개선 사항,팀에 바라는 개선 사항,내가 생각하는 이상적인 팀 혹은 조직은 어떤 모습인지?,주4일제,건강검진도 필요하지만 다들 제때 못하는 것 같애서 회사 차원에서 건강검진 버스 같은걸 오게 하면 좋을 거 같아요. 여기저기 아파요 ㅜㅜ ㅋㅋㅋ
회사 생활 및 팀 내 문화에 대한 개선 사항,팀에 바라는 개선 사항,내가 생각하는 이상적인 팀 혹은 조직은 어떤 모습인지?,HJ,눈이 침침해요
회사 생활 및 팀 내 문화에 대한 개선 사항,팀에 바라는 개선 사항,내가 생각하는 이상적인 팀 혹은 조직은 어떤 모습인지?,ㄹㄹㄹ,오피스 완전 클로즈도 대표님은 부정적이신 것 같고..
회사 생활 및 팀 내 문화에 대한 개선 사항,팀에 바라는 개선 사항,내가 생각하는 이상적인 팀 혹은 조직은 어떤 모습인지?,10점만점에10점,버스오면 건강검진이 아니라 신체검사 해요
회사 생활 및 팀 내 문화에 대한 개선 사항,팀에 바라는 개선 사항,내가 생각하는 이상적인 팀 혹은 조직은 어떤 모습인지?,주4일제,그건 맞네요.. 10점님
회사 생활 및 팀 내 문화에 대한 개선 사항,팀에 바라는 개선 사항,대체휴일이 필요하다?,진행자,대체휴일이 필요하다?
회사 생활 및 팀 내 문화에 대한 개선 사항,팀에 바라는 개선 사항,대체휴일이 필요하다?,뿌셔뿌셔,건강검진 휴일이 없어요....
회사 생활 및 팀 내 문화에 대한 개선 사항,팀에 바라는 개선 사항,대체휴일이 필요하다?,주4일제,대체휴일 매우 필ㅇ합니다!!!
회사 생활 및 팀 내 문화에 대한 개선 사항,팀에 바라는 개선 사항,대체휴일이 필요하다?,Kicj,필요해요...
회사 생활 및 팀 내 문화에 대한 개선 사항,팀에 바라는 개선 사항,대체휴일이 필요하다?,배고프다,손이요
회사 생활 및 팀 내 문화에 대한 개선 사항,팀에 바라는 개선 사항,대체휴일이 필요하다?,도비,저요
회사 생활 및 팀 내 문화에 대한 개선 사항,팀에 바라는 개선 사항,대체휴일이 필요하다?,뭐라고할까,필요 (손)
회사 생활 및 팀 내 문화에 대한 개선 사항,팀에 바라는 개선 사항,대체휴일이 필요하다?,콩콩이,매우매우 필요해요
회사 생활 및 팀 내 문화에 대한 개선 사항,팀에 바라는 개선 사항,대체휴일이 필요하다?,제우스,손이요
회사 생활 및 팀 내 문화에 대한 개선 사항,팀에 바라는 개선 사항,대체휴일이 필요하다?,경기침체,휴가 이월은 안 되려나요...
회사 생활 및 팀 내 문화에 대한 개선 사항,팀에 바라는 개선 사항,대체휴일이 필요하다?,노네임,손..
회사 생활 및 팀 내 문화에 대한 개선 사항,팀에 바라는 개선 사항,대체휴일이 필요하다?,피카츄,손
회사 생활 및 팀 내 문화에 대한 개선 사항,팀에 바라는 개선 사항,대체휴일이 필요하다?,자허블,손
회사 생활 및 팀 내 문화에 대한 개선 사항,팀에 바라는 개선 사항,대체휴일이 필요하다?,진인사대천명,필요합니다
회사 생활 및 팀 내 문화에 대한 개선 사항,팀에 바라는 개선 사항,대체휴일이 필요하다?,?,손
회사 생활 및 팀 내 문화에 대한 개선 사항,팀에 바라는 개선 사항,대체휴일이 필요하다?,SK,야근 시간 기록해두었다가 일정 넘으면 대체휴일로 지급해주시면 좋겠어요
회사 생활 및 팀 내 문화에 대한 개선 사항,팀에 바라는 개선 사항,대체휴일이 필요하다?,yoyo,손
회사 생활 및 팀 내 문화에 대한 개선 사항,팀에 바라는 개선 사항,대체휴일이 필요하다?,내이름이뭐야,손
회사 생활 및 팀 내 문화에 대한 개선 사항,팀에 바라는 개선 사항,대체휴일이 필요하다?,경기침체,환급이라던지..
회사 생활 및 팀 내 문화에 대한 개선 사항,팀에 바라는 개선 사항,대체휴일이 필요하다?,제우스,대체휴일이 필요한게 아니라 그냥 당연한게 아닌가 싶습니다.
회사 생활 및 팀 내 문화에 대한 개선 사항,팀에 바라는 개선 사항,대체휴일이 필요하다?,Kicj,대체휴가를 받을 수 있다는 가능성 자체가 있는 것이랑 없는 것이랑 다른 것 같아요
회사 생활 및 팀 내 문화에 대한 개선 사항,팀에 바라는 개선 사항,대체휴일이 필요하다?,야옹이는왈왈,손
회사 생활 및 팀 내 문화에 대한 개선 사항,팀에 바라는 개선 사항,대체휴일이 필요하다?,야근요정,손
회사 생활 및 팀 내 문화에 대한 개선 사항,팀에 바라는 개선 사항,대체휴일이 필요하다?,퇴근할랭,손
회사 생활 및 팀 내 문화에 대한 개선 사항,팀에 바라는 개선 사항,대체휴일이 필요하다?,ㄹㄹㄹ,주변에 에이전시 다니는 지인이 많은데
회사 생활 및 팀 내 문화에 대한 개선 사항,팀에 바라는 개선 사항,대체휴일이 필요하다?,노네임,"야근에 대한 추가수당이 안나온다면, 대체 휴일을 챙겨줘야 하지 않을까요..?"
회사 생활 및 팀 내 문화에 대한 개선 사항,팀에 바라는 개선 사항,대체휴일이 필요하다?,Kicj,맞아요
회사 생활 및 팀 내 문화에 대한 개선 사항,팀에 바라는 개선 사항,대체휴일이 필요하다?,ㄹㄹㄹ,대체휴가 안 주시는 회사는 저희밖에 없어요...
회사 생활 및 팀 내 문화에 대한 개선 사항,팀에 바라는 개선 사항,대체휴일이 필요하다?,녹차,손
회사 생활 및 팀 내 문화에 대한 개선 사항,팀에 바라는 개선 사항,대체휴일이 필요하다?,ㅇ6,노네임 분과 동의합니다
회사 생활 및 팀 내 문화에 대한 개선 사항,팀에 바라는 개선 사항,대체휴일이 필요하다?,경기침체,"대체휴가 받아도.. 그 쉬는 날이 있다고 해도 다른 날에 더 야근을 하긴 해야하는 구조라 ,차라리 환급을 해줬으면"
회사 생활 및 팀 내 문화에 대한 개선 사항,팀에 바라는 개선 사항,대체휴일이 필요하다?,야근요정,휴가 제때 다 못 쓰면 돈으로 주면 안되나요?
회사 생활 및 팀 내 문화에 대한 개선 사항,팀에 바라는 개선 사항,대체휴일이 필요하다?,주4일제,프로젝트 상 일 쉬어가는 텀에는 정말 그냥 편히 대체 휴가 가고 싶어요.
회사 생활 및 팀 내 문화에 대한 개선 사항,팀에 바라는 개선 사항,대체휴일이 필요하다?,경기침체,매년 휴가 엄청 많이 남아도
회사 생활 및 팀 내 문화에 대한 개선 사항,팀에 바라는 개선 사항,대체휴일이 필요하다?,yoyo,야근 수당 없으면 시간만큼 대체휴일 주더라구요
회사 생활 및 팀 내 문화에 대한 개선 사항,팀에 바라는 개선 사항,대체휴일이 필요하다?,경기침체,다 날라가버림
회사 생활 및 팀 내 문화에 대한 개선 사항,팀에 바라는 개선 사항,대체휴일이 필요하다?,ㄹㄹㄹ,5년 근속하면 한 달 유급휴가 주는 회사도 있고..
회사 생활 및 팀 내 문화에 대한 개선 사항,팀에 바라는 개선 사항,대체휴일이 필요하다?,뭐라고할까,유급휴가ㅠㅠ 부러워요
회사 생활 및 팀 내 문화에 대한 개선 사항,팀에 바라는 개선 사항,대체휴일이 필요하다?,경기침체,주변 지인들 회사다니는 애들 물어보면 다들 놀래요 엄청
회사 생활 및 팀 내 문화에 대한 개선 사항,팀에 바라는 개선 사항,대체휴일이 필요하다?,ㅇ6,조직이나 팀 분위기는 좋은데 이런 복지가 아쉬워요..
회사 생활 및 팀 내 문화에 대한 개선 사항,팀에 바라는 개선 사항,대체휴일이 필요하다?,야근요정,리프레쉬 휴가 필요해요
회사 생활 및 팀 내 문화에 대한 개선 사항,팀에 바라는 개선 사항,대체휴일이 필요하다?,경기침체,휴가 환급/이월 안 되는 저이
회사 생활 및 팀 내 문화에 대한 개선 사항,팀에 바라는 개선 사항,대체휴일이 필요하다?,ㅋㅋㅋㅋㅋ,유급 휴가 주세요!1
회사 생활 및 팀 내 문화에 대한 개선 사항,팀에 바라는 개선 사항,대체휴일이 필요하다?,주4일제,휴식이 있어야 일을 할 수 있는 것 같아요. 몸을 돌볼 시간이 없어요.
회사 생활 및 팀 내 문화에 대한 개선 사항,팀에 바라는 개선 사항,대체휴일이 필요하다?,HJ,안식년이 필요해요
회사 생활 및 팀 내 문화에 대한 개선 사항,팀에 바라는 개선 사항,대체휴일이 필요하다?,제우스,"팀이나 사람의 문제보다는 업무량과 보상, 조직적 문제"
회사 생활 및 팀 내 문화에 대한 개선 사항,팀에 바라는 개선 사항,대체휴일이 필요하다?,야옹이는왈왈,직원 입장에서 조금이라도 만족할 수 있는 실질적인 복지제도가 필요할 것 같네요
회사 생활 및 팀 내 문화에 대한 개선 사항,팀에 바라는 개선 사항,대체휴일이 필요하다?,제우스,늘 고질적으로 나오는 이슈
회사 생활 및 팀 내 문화에 대한 개선 사항,팀에 바라는 개선 사항,대체휴일이 필요하다?,팀장,지켜보고있다
회사 생활 및 팀 내 문화에 대한 개선 사항,팀에 바라는 개선 사항,"우리가 하는 일, 업무의 특성을 고려했을 때, 특히 더 필요한 팀장의 역량은 무엇일까?",진행자,"(13) 질문12. 우리가 하는 일, 업무의 특성을 고려했을 때, 특히 더 필요한 팀장의 역량은 무엇일까?"
회사 생활 및 팀 내 문화에 대한 개선 사항,팀에 바라는 개선 사항,"우리가 하는 일, 업무의 특성을 고려했을 때, 특히 더 필요한 팀장의 역량은 무엇일까?",야옹이는왈왈,업무매니징 & 클라이언트 무리한 요구 차단(?)력
회사 생활 및 팀 내 문화에 대한 개선 사항,팀에 바라는 개선 사항,"우리가 하는 일, 업무의 특성을 고려했을 때, 특히 더 필요한 팀장의 역량은 무엇일까?",ㄹㄹㄹ,업무량 및 일정 조정..
회사 생활 및 팀 내 문화에 대한 개선 사항,팀에 바라는 개선 사항,"우리가 하는 일, 업무의 특성을 고려했을 때, 특히 더 필요한 팀장의 역량은 무엇일까?",경기침체,타겟 매출이 낮아지면 팀장님들도 한숨 고르지 않을까요...
회사 생활 및 팀 내 문화에 대한 개선 사항,팀에 바라는 개선 사항,"우리가 하는 일, 업무의 특성을 고려했을 때, 특히 더 필요한 팀장의 역량은 무엇일까?",10점만점에10점,일잘하는 사람한테 일 몰아주지 않기
회사 생활 및 팀 내 문화에 대한 개선 사항,팀에 바라는 개선 사항,"우리가 하는 일, 업무의 특성을 고려했을 때, 특히 더 필요한 팀장의 역량은 무엇일까?",주4일제,일정...ㅜㅜ
회사 생활 및 팀 내 문화에 대한 개선 사항,팀에 바라는 개선 사항,"우리가 하는 일, 업무의 특성을 고려했을 때, 특히 더 필요한 팀장의 역량은 무엇일까?",seaaa,동기부여..
회사 생활 및 팀 내 문화에 대한 개선 사항,팀에 바라는 개선 사항,"우리가 하는 일, 업무의 특성을 고려했을 때, 특히 더 필요한 팀장의 역량은 무엇일까?",gg,책임감 ..
회사 생활 및 팀 내 문화에 대한 개선 사항,팀에 바라는 개선 사항,"우리가 하는 일, 업무의 특성을 고려했을 때, 특히 더 필요한 팀장의 역량은 무엇일까?",ppppt,안됩니다 못합니다 라고 하는 용기?
회사 생활 및 팀 내 문화에 대한 개선 사항,팀에 바라는 개선 사항,"우리가 하는 일, 업무의 특성을 고려했을 때, 특히 더 필요한 팀장의 역량은 무엇일까?",경기침체,팀장님들이 제일 불쌍
회사 생활 및 팀 내 문화에 대한 개선 사항,팀에 바라는 개선 사항,"우리가 하는 일, 업무의 특성을 고려했을 때, 특히 더 필요한 팀장의 역량은 무엇일까?",감자,몇몇사람만 고생하지 않게 업무를 잘 분배하는것
회사 생활 및 팀 내 문화에 대한 개선 사항,팀에 바라는 개선 사항,"우리가 하는 일, 업무의 특성을 고려했을 때, 특히 더 필요한 팀장의 역량은 무엇일까?",야옹이는왈왈,근데 진짜 팀장님도 휴가 좀 가셨으면...
회사 생활 및 팀 내 문화에 대한 개선 사항,팀에 바라는 개선 사항,"우리가 하는 일, 업무의 특성을 고려했을 때, 특히 더 필요한 팀장의 역량은 무엇일까?",피카츄,"팀원들의 의견을 위에 잘 전달하고, 팀원이 힘들어함녀 윗분들과의 소통의 중간역할을 잘 해주시는 것"
회사 생활 및 팀 내 문화에 대한 개선 사항,팀에 바라는 개선 사항,"우리가 하는 일, 업무의 특성을 고려했을 때, 특히 더 필요한 팀장의 역량은 무엇일까?",제우스,팀장님도 힘드심...
회사 생활 및 팀 내 문화에 대한 개선 사항,팀에 바라는 개선 사항,"우리가 하는 일, 업무의 특성을 고려했을 때, 특히 더 필요한 팀장의 역량은 무엇일까?",경기침체,팀장님 휴가도 못 가시고
회사 생활 및 팀 내 문화에 대한 개선 사항,팀에 바라는 개선 사항,"우리가 하는 일, 업무의 특성을 고려했을 때, 특히 더 필요한 팀장의 역량은 무엇일까?",뭐라고할까,"일정 조정, 업무 분배"
회사 생활 및 팀 내 문화에 대한 개선 사항,팀에 바라는 개선 사항,"우리가 하는 일, 업무의 특성을 고려했을 때, 특히 더 필요한 팀장의 역량은 무엇일까?",ㄹㄹㄹ,팀장님들도 임원분들이랑 클라이언트 사이에 끼여서 지치시는 것 같아요
회사 생활 및 팀 내 문화에 대한 개선 사항,팀에 바라는 개선 사항,"우리가 하는 일, 업무의 특성을 고려했을 때, 특히 더 필요한 팀장의 역량은 무엇일까?",yoyo,"업무 분배 및 팀원들 지키미(클라, 윗선으로부터)"
회사 생활 및 팀 내 문화에 대한 개선 사항,팀에 바라는 개선 사항,"우리가 하는 일, 업무의 특성을 고려했을 때, 특히 더 필요한 팀장의 역량은 무엇일까?",코인물림,매니징이 가장 중요한 것 같아여
회사 생활 및 팀 내 문화에 대한 개선 사항,팀에 바라는 개선 사항,"우리가 하는 일, 업무의 특성을 고려했을 때, 특히 더 필요한 팀장의 역량은 무엇일까?",경기침체,팀장님들을 지켜주세여~~~~~
회사 생활 및 팀 내 문화에 대한 개선 사항,팀에 바라는 개선 사항,"우리가 하는 일, 업무의 특성을 고려했을 때, 특히 더 필요한 팀장의 역량은 무엇일까?",ㄹㄹㄹ,100점 팀장님은 아니지만 팀장님 퇴사하면 저도 퇴사 예정 ㅠ
회사 생활 및 팀 내 문화에 대한 개선 사항,팀에 바라는 개선 사항,"우리가 하는 일, 업무의 특성을 고려했을 때, 특히 더 필요한 팀장의 역량은 무엇일까?",주4일제,팀장님한테 바라는 것도 있지만 회사 차원에서 해결해야 줘야 하는 부분들도 있는 것 같아요
회사 생활 및 팀 내 문화에 대한 개선 사항,팀에 바라는 개선 사항,"우리가 하는 일, 업무의 특성을 고려했을 때, 특히 더 필요한 팀장의 역량은 무엇일까?",도비,팀장님들은 잘못 없어요 타겟이 너무 높아서 그렇지
회사 생활 및 팀 내 문화에 대한 개선 사항,팀에 바라는 개선 사항,"우리가 하는 일, 업무의 특성을 고려했을 때, 특히 더 필요한 팀장의 역량은 무엇일까?",경기침체,제일 고생 많이하시는 분들이에여
회사 생활 및 팀 내 문화에 대한 개선 사항,팀에 바라는 개선 사항,"우리가 하는 일, 업무의 특성을 고려했을 때, 특히 더 필요한 팀장의 역량은 무엇일까?",제우스,팀장님도 사람인데
회사 생활 및 팀 내 문화에 대한 개선 사항,팀에 바라는 개선 사항,"우리가 하는 일, 업무의 특성을 고려했을 때, 특히 더 필요한 팀장의 역량은 무엇일까?",야옹이는왈왈,"윗급으로 올라갈수록 부여되는 책임도 많겠지만, 아무리봐도 너무 과중한 것 아닌가 싶을때가 있습니다"
회사 생활 및 팀 내 문화에 대한 개선 사항,팀에 바라는 개선 사항,"우리가 하는 일, 업무의 특성을 고려했을 때, 특히 더 필요한 팀장의 역량은 무엇일까?",야근요정,팀장님한테 책임이 너무 과한 것 같습니다.....올해 하루도 못 쉬신것 같아요. 팀의 구조상 팀장님이 아프시거나 ....퇴사를 하시게된다면 남은 팀원은 고아가 되는거나 다름 없는데....회사에서 팀잔님들께 너무 과하게 타겟을 안주셨으면 좋겠어요
회사 생활 및 팀 내 문화에 대한 개선 사항,팀에 바라는 개선 사항,"우리가 하는 일, 업무의 특성을 고려했을 때, 특히 더 필요한 팀장의 역량은 무엇일까?",진인사대천명,팀장님의 역량은 충분한 것 같습니다...ㅠㅠ
회사 생활 및 팀 내 문화에 대한 개선 사항,회사에 바라는 개선사항,회사에서 지원해 주었으면 하는 점이 있다면 무엇인지?,진행자,회사에서 지원해 주었으면 하는 점이 있다면 무엇인지?
회사 생활 및 팀 내 문화에 대한 개선 사항,회사에 바라는 개선사항,회사에서 지원해 주었으면 하는 점이 있다면 무엇인지?,도비,타겟 조정
회사 생활 및 팀 내 문화에 대한 개선 사항,회사에 바라는 개선사항,회사에서 지원해 주었으면 하는 점이 있다면 무엇인지?,주4일제,대체휴가... 공식적으로 만들어 주셨으면 해요...
회사 생활 및 팀 내 문화에 대한 개선 사항,회사에 바라는 개선사항,회사에서 지원해 주었으면 하는 점이 있다면 무엇인지?,야근요정,합당한 보상 돈이건 대체 휴일이건
회사 생활 및 팀 내 문화에 대한 개선 사항,회사에 바라는 개선사항,회사에서 지원해 주었으면 하는 점이 있다면 무엇인지?,경기침체,"팀장님들이 연차가 있다고 항상 있을 거라는 생각에 안주하지 않고 팀장의 복지를 더 챙겨주셨으면, 자연스럽게 낙수효과로 아래 팀원들도 웰빙해지지 않을까 생각이들어요"
회사 생활 및 팀 내 문화에 대한 개선 사항,회사에 바라는 개선사항,회사에서 지원해 주었으면 하는 점이 있다면 무엇인지?,뭐라고할까,"충분한 인력 지원, 터무니없이 높은 타겟 조정, 대체휴가나 잔여휴가 돈으로 주는 제도?"
회사 생활 및 팀 내 문화에 대한 개선 사항,회사에 바라는 개선사항,회사에서 지원해 주었으면 하는 점이 있다면 무엇인지?,뿌셔뿌셔,건강검진 휴일!!
회사 생활 및 팀 내 문화에 대한 개선 사항,회사에 바라는 개선사항,회사에서 지원해 주었으면 하는 점이 있다면 무엇인지?,ㄹㄹㄹ,"적극적인 주 52시간 초과 방지, 대체휴가, 미소진 휴가 보상"
회사 생활 및 팀 내 문화에 대한 개선 사항,회사에 바라는 개선사항,회사에서 지원해 주었으면 하는 점이 있다면 무엇인지?,피카츄,"일이 너무 계속 와서 휴가를 못쓰는 상황이니, 회사 차원에서 보상을 주거나, 휴가를 쓰도록 팀 내 시스템을 만들어줬으면 합니다"
회사 생활 및 팀 내 문화에 대한 개선 사항,회사에 바라는 개선사항,회사에서 지원해 주었으면 하는 점이 있다면 무엇인지?,제우스,"과중한 업무와 타겟은 팀장님의 역량에서 벗어난 부분. 인력을 더 보충하거나, 남아서 고생하는 직원들 보상하거나, 휴가라도 많이 주거나, 재택을 늘려주거나."
회사 생활 및 팀 내 문화에 대한 개선 사항,회사에 바라는 개선사항,회사에서 지원해 주었으면 하는 점이 있다면 무엇인지?,ppppt,"오늘 나오는 말이 대체로 같은 것 같아요 팀장님들 인간적으로 좋고, 노력 많이 하고 계시는데 타겟이 너무 높으니 다들 치이는 거 같아요"
회사 생활 및 팀 내 문화에 대한 개선 사항,회사에 바라는 개선사항,회사에서 지원해 주었으면 하는 점이 있다면 무엇인지?,ㄹㄹㄹ,"팀장님 좋은 분인데, 저 연차에도 저렇게 매번 일에 치여서 피폐해지는 걸 보면"
회사 생활 및 팀 내 문화에 대한 개선 사항,회사에 바라는 개선사항,회사에서 지원해 주었으면 하는 점이 있다면 무엇인지?,asdiiii,인력보충 시급
회사 생활 및 팀 내 문화에 대한 개선 사항,회사에 바라는 개선사항,회사에서 지원해 주었으면 하는 점이 있다면 무엇인지?,ㄹㄹㄹ,아 나도 여기서 오래 다니면 저렇게 되는 걸까... 하는 슬픈 생각이 들어요
회사 생활 및 팀 내 문화에 대한 개선 사항,회사에 바라는 개선사항,회사에서 지원해 주었으면 하는 점이 있다면 무엇인지?,주4일제,쉴 수 있는 텀에 그냥 편히 쉬게 해주면 좋을 것 같아요. 어자피 바쁠때 대체 휴가를 가버리면 다른 팀원은 또 고생하게 되니까요.
회사 생활 및 팀 내 문화에 대한 개선 사항,회사에 바라는 개선사항,회사에서 지원해 주었으면 하는 점이 있다면 무엇인지?,도비,1팀 1인턴 부탁드려요
회사 생활 및 팀 내 문화에 대한 개선 사항,회사에 바라는 개선사항,회사에서 지원해 주었으면 하는 점이 있다면 무엇인지?,?,사무실 환경
회사 생활 및 팀 내 문화에 대한 개선 사항,회사에 바라는 개선사항,회사에서 지원해 주었으면 하는 점이 있다면 무엇인지?,10점만점에10점,연말 종무식 이후에 오피스를 좀 닫았으면...
회사 생활 및 팀 내 문화에 대한 개선 사항,회사에 바라는 개선사항,회사에서 지원해 주었으면 하는 점이 있다면 무엇인지?,야옹이는왈왈,"대체휴가, 타겟조정"
회사 생활 및 팀 내 문화에 대한 개선 사항,회사에 바라는 개선사항,회사에서 지원해 주었으면 하는 점이 있다면 무엇인지?,ㄹㄹㄹ,맞아요 1팀 1인턴 시급
회사 생활 및 팀 내 문화에 대한 개선 사항,회사에 바라는 개선사항,회사에서 지원해 주었으면 하는 점이 있다면 무엇인지?,yoyo,지금의 매출 타겟을 맞추기 위해서는 인력 보충이 시급합니다
회사 생활 및 팀 내 문화에 대한 개선 사항,회사에 바라는 개선사항,회사에서 지원해 주었으면 하는 점이 있다면 무엇인지?,경기침체,완전 공감... 팀장을 달고 싶은 마음이 하나도 없어져요 ㅋㅋㅋㅋ
회사 생활 및 팀 내 문화에 대한 개선 사항,회사에 바라는 개선사항,회사에서 지원해 주었으면 하는 점이 있다면 무엇인지?,야근요정,"인력 보충이 시급하지만, 아무런 인력이나 보충되는거는....안하는것 만 못한것 같아요. 퀄리티 있는 인력풀을 충분히 확보해 주세요"
회사 생활 및 팀 내 문화에 대한 개선 사항,회사에 바라는 개선사항,회사에서 지원해 주었으면 하는 점이 있다면 무엇인지?,감자,리프레쉬휴가..
회사 생활 및 팀 내 문화에 대한 개선 사항,회사에 바라는 개선사항,회사에서 지원해 주었으면 하는 점이 있다면 무엇인지?,HJ,종무식 이후 오피스 클로즈 22
회사 생활 및 팀 내 문화에 대한 개선 사항,회사에 바라는 개선사항,회사에서 지원해 주었으면 하는 점이 있다면 무엇인지?,HJ,벌써 우울
회사 생활 및 팀 내 문화에 대한 개선 사항,회사에 바라는 개선사항,회사에서 지원해 주었으면 하는 점이 있다면 무엇인지?,ppppt,팀장님이 팀원들 모든업무 매니징을 해주셔야 하는데 사실 본인 업무도 너무 많아보여요
회사 생활 및 팀 내 문화에 대한 개선 사항,회사에 바라는 개선사항,회사에서 지원해 주었으면 하는 점이 있다면 무엇인지?,ㄹㄹㄹ,회사 회장실... 많이 구려요 ㅠ
회사 생활 및 팀 내 문화에 대한 개선 사항,회사에 바라는 개선사항,회사에서 지원해 주었으면 하는 점이 있다면 무엇인지?,뭐라고할까,여자 화장실에 사람 너무 많아요ㅠㅠ
회사 생활 및 팀 내 문화에 대한 개선 사항,회사에 바라는 개선사항,회사에서 지원해 주었으면 하는 점이 있다면 무엇인지?,ㄹㄹㄹ,건물 책임이지만.. 세면대 구석에 곰팡이...
회사 생활 및 팀 내 문화에 대한 개선 사항,회사에 바라는 개선사항,회사에서 지원해 주었으면 하는 점이 있다면 무엇인지?,주4일제,여자 화장실 너무 멀어요 ㅋㅋㅋ
회사 생활 및 팀 내 문화에 대한 개선 사항,회사에 바라는 개선사항,회사에서 지원해 주었으면 하는 점이 있다면 무엇인지?,야옹이는왈왈,"업계 및 회사 특성상 퇴사율이 높고 그만큼 인력보충을 한다 하지만, 새로 다다시 인계하고 가르치는게 생각보다 쉽지 않습니다. 기존에 있는 사람들이 만족하고 다닐 수 있도록 근본적인 부분부터 차근차근 고민해주시면 좋겠습니다."
회사 생활 및 팀 내 문화에 대한 개선 사항,회사에 바라는 개선사항,회사에서 지원해 주었으면 하는 점이 있다면 무엇인지?,처음입니다만,솔직히 의자 바꿔줘야한다고 생각해요...앉아 있는 시간이 많은데 지금 의자는 허리가 너무 아파요 ㅠ
회사 생활 및 팀 내 문화에 대한 개선 사항,회사에 바라는 개선사항,회사에서 지원해 주었으면 하는 점이 있다면 무엇인지?,zzz...,화장실 들어가는 입구....ㄷㄷㄷ
회사 생활 및 팀 내 문화에 대한 개선 사항,회사에 바라는 개선사항,회사에서 지원해 주었으면 하는 점이 있다면 무엇인지?,seaaa,온수가 너무 빨리 끊겨요ㅠㅠ
회사 생활 및 팀 내 문화에 대한 개선 사항,회사에 바라는 개선사항,회사에서 지원해 주었으면 하는 점이 있다면 무엇인지?,뭐라고할까,공청기가 있는데도 공기가 탁한 느낌
회사 생활 및 팀 내 문화에 대한 개선 사항,회사에 바라는 개선사항,회사에서 지원해 주었으면 하는 점이 있다면 무엇인지?,?,환기 부족
회사 생활 및 팀 내 문화에 대한 개선 사항,회사에 바라는 개선사항,회사에서 지원해 주었으면 하는 점이 있다면 무엇인지?,10점만점에10점,아 맞아
회사 생활 및 팀 내 문화에 대한 개선 사항,회사에 바라는 개선사항,회사에서 지원해 주었으면 하는 점이 있다면 무엇인지?,야옹이는왈왈,아 주차비 지원
회사 생활 및 팀 내 문화에 대한 개선 사항,회사에 바라는 개선사항,회사에서 지원해 주었으면 하는 점이 있다면 무엇인지?,야근요정,의자 너무 불편해요....책상도 너무 작아요
회사 생활 및 팀 내 문화에 대한 개선 사항,회사에 바라는 개선사항,회사에서 지원해 주었으면 하는 점이 있다면 무엇인지?,10점만점에10점,메쉬의자 골반이 아파요
회사 생활 및 팀 내 문화에 대한 개선 사항,회사에 바라는 개선사항,회사에서 지원해 주었으면 하는 점이 있다면 무엇인지?,주4일제,책상 너무 작아요 222
회사 생활 및 팀 내 문화에 대한 개선 사항,회사에 바라는 개선사항,회사에서 지원해 주었으면 하는 점이 있다면 무엇인지?,도비,아아 노트북좀 바꿔주세요
회사 생활 및 팀 내 문화에 대한 개선 사항,회사에 바라는 개선사항,회사에서 지원해 주었으면 하는 점이 있다면 무엇인지?,제우스,무빙데스크 좋을 것 같네여
회사 생활 및 팀 내 문화에 대한 개선 사항,회사에 바라는 개선사항,회사에서 지원해 주었으면 하는 점이 있다면 무엇인지?,?,휴게공간 부족...
회사 생활 및 팀 내 문화에 대한 개선 사항,회사에 바라는 개선사항,회사에서 지원해 주었으면 하는 점이 있다면 무엇인지?,제우스,노트북 진짜 벽돌이라 너무 무겁습니다.
회사 생활 및 팀 내 문화에 대한 개선 사항,회사에 바라는 개선사항,회사에서 지원해 주었으면 하는 점이 있다면 무엇인지?,야옹이는왈왈,희망자에 한해서 재택용 도킹 지원
회사 생활 및 팀 내 문화에 대한 개선 사항,회사에 바라는 개선사항,회사에서 지원해 주었으면 하는 점이 있다면 무엇인지?,ㅇ6,노트북 제발...
회사 생활 및 팀 내 문화에 대한 개선 사항,회사에 바라는 개선사항,회사에서 지원해 주었으면 하는 점이 있다면 무엇인지?,뭐라고할까,노트북 진짜 너무 느려요
회사 생활 및 팀 내 문화에 대한 개선 사항,회사에 바라는 개선사항,회사에서 지원해 주었으면 하는 점이 있다면 무엇인지?,야근요정,노트북 너무 무거워요
회사 생활 및 팀 내 문화에 대한 개선 사항,회사에 바라는 개선사항,회사에서 지원해 주었으면 하는 점이 있다면 무엇인지?,주4일제,재택 늘여주세요 ㅜㅜ
회사 생활 및 팀 내 문화에 대한 개선 사항,회사에 바라는 개선사항,회사에서 지원해 주었으면 하는 점이 있다면 무엇인지?,피카츄,노트북..ㅠㅠ
회사 생활 및 팀 내 문화에 대한 개선 사항,회사에 바라는 개선사항,회사에서 지원해 주었으면 하는 점이 있다면 무엇인지?,도비,충전기 없으면 1분 안에 꺼져요
회사 생활 및 팀 내 문화에 대한 개선 사항,회사에 바라는 개선사항,회사에서 지원해 주었으면 하는 점이 있다면 무엇인지?,제우스,진짜 어깨 빠질거같아요
회사 생활 및 팀 내 문화에 대한 개선 사항,회사에 바라는 개선사항,회사에서 지원해 주었으면 하는 점이 있다면 무엇인지?,배고프다,모니터들이 전부 화면 색상이나 밝기가 다 다른데 한번 다 교체되었으면..
회사 생활 및 팀 내 문화에 대한 개선 사항,회사에 바라는 개선사항,회사에서 지원해 주었으면 하는 점이 있다면 무엇인지?,seaaa,맞아요 재택용 기기 지원
회사 생활 및 팀 내 문화에 대한 개선 사항,회사에 바라는 개선사항,회사에서 지원해 주었으면 하는 점이 있다면 무엇인지?,ㄹㄹㄹ,싱크대... 구석에 하나라도...
회사 생활 및 팀 내 문화에 대한 개선 사항,회사에 바라는 개선사항,회사에서 지원해 주었으면 하는 점이 있다면 무엇인지?,야근요정,싱크대 2222
회사 생활 및 팀 내 문화에 대한 개선 사항,회사에 바라는 개선사항,회사에서 지원해 주었으면 하는 점이 있다면 무엇인지?,ㄹㄹㄹ,곰팡이 있는 화장실에서 설거지하기 싫어요 ㅠ
회사 생활 및 팀 내 문화에 대한 개선 사항,회사에 바라는 개선사항,회사에서 지원해 주었으면 하는 점이 있다면 무엇인지?,asdiiii,자리에서 통화 길게 안했으면..
회사 생활 및 팀 내 문화에 대한 개선 사항,회사에 바라는 개선사항,회사에서 지원해 주었으면 하는 점이 있다면 무엇인지?,야옹이는왈왈,노트북 무겁고 전용충전기 아니면 휴대하기도 좀 그렇더라구요...
회사 생활 및 팀 내 문화에 대한 개선 사항,회사에 바라는 개선사항,회사에서 지원해 주었으면 하는 점이 있다면 무엇인지?,zzz...,통화하는 부스 따로 있었으면...
회사 생활 및 팀 내 문화에 대한 개선 사항,회사에 바라는 개선사항,회사에서 지원해 주었으면 하는 점이 있다면 무엇인지?,주4일제,재택용 듀얼모니터!
회사 생활 및 팀 내 문화에 대한 개선 사항,회사에 바라는 개선사항,회사에서 지원해 주었으면 하는 점이 있다면 무엇인지?,도비,띵크패드때매 어깨 비대칭 됏어요 ㅋㅋㅋ
회사 생활 및 팀 내 문화에 대한 개선 사항,회사에 바라는 개선사항,회사에서 지원해 주었으면 하는 점이 있다면 무엇인지?,ㄹㄹㄹ,도킹이요!
회사 생활 및 팀 내 문화에 대한 개선 사항,회사에 바라는 개선사항,회사에서 지원해 주었으면 하는 점이 있다면 무엇인지?,seaaa,도킹이랑 모니터 둘 다요!
회사 생활 및 팀 내 문화에 대한 개선 사항,회사에 바라는 개선사항,회사에서 지원해 주었으면 하는 점이 있다면 무엇인지?,야근요정,"가끔 클라이언트 통화가 길어져서 자리에서 오래 받는거는 괜찮은데, 돌아다니면서 통화 하시는 분들이나...자리에서 콜을 하시는 분들은.........다른 사람들 업무 집중하는데 방해되는것 같아요"
회사 생활 및 팀 내 문화에 대한 개선 사항,회사에 바라는 개선사항,회사에서 지원해 주었으면 하는 점이 있다면 무엇인지?,뿌셔뿌셔,자리 뒤로 화장실 가지 마세요 ㅠㅠ
회사 생활 및 팀 내 문화에 대한 개선 사항,회사에 바라는 개선사항,회사에서 지원해 주었으면 하는 점이 있다면 무엇인지?,야옹이는왈왈,희망자에 한한 재택용 모니터+도킹지원. 하도 답답해서 사비로 도킹 사서 집에서 쓰고있는데 도킹 비싸요ㅠㅠ
회사 생활 및 팀 내 문화에 대한 개선 사항,회사에 바라는 개선사항,회사에서 지원해 주었으면 하는 점이 있다면 무엇인지?,10점만점에10점,근데... 업무시간에 이런거 진행하면 업무를 해야 해서 집중이 어려워요
회사 생활 및 팀 내 문화에 대한 개선 사항,회사에 바라는 개선사항,회사에서 지원해 주었으면 하는 점이 있다면 무엇인지?,뿌셔뿌셔,너무 좋은 시간이였습니다
회사 생활 및 팀 내 문화에 대한 개선 사항,회사에 바라는 개선사항,회사에서 지원해 주었으면 하는 점이 있다면 무엇인지?,주4일제,이런 시간 정기적으로 있으면 좋겠어요
회사 생활 및 팀 내 문화에 대한 개선 사항,회사에 바라는 개선사항,회사에서 지원해 주었으면 하는 점이 있다면 무엇인지?,처음입니다만,일 시켜놓고 친목활동 가지 마세요 ㅠ 기운빠져요 ㅠ
회사 생활 및 팀 내 문화에 대한 개선 사항,회사에 바라는 개선사항,회사에서 지원해 주었으면 하는 점이 있다면 무엇인지?,뿌셔뿌셔,22
회사 생활 및 팀 내 문화에 대한 개선 사항,회사에 바라는 개선사항,회사에서 지원해 주었으면 하는 점이 있다면 무엇인지?,뿌셔뿌셔,이런 시간 더 해주세요!
회사 생활 및 팀 내 문화에 대한 개선 사항,회사에 바라는 개선사항,회사에서 지원해 주었으면 하는 점이 있다면 무엇인지?,Kicj,과도한 초과 근무에 대한 명확한 가이드라인
회사 생활 및 팀 내 문화에 대한 개선 사항,회사에 바라는 개선사항,회사에서 지원해 주었으면 하는 점이 있다면 무엇인지?,야근요정,화요일 목요일ㅇ도 빵 주시면 안되나요?? 배고파요
회사 생활 및 팀 내 문화에 대한 개선 사항,회사에 바라는 개선사항,회사에서 지원해 주었으면 하는 점이 있다면 무엇인지?,Kicj,(주 52시간 초과는 불법아닌가요....ㅠㅠ)
회사 생활 및 팀 내 문화에 대한 개선 사항,회사에 바라는 개선사항,회사에서 지원해 주었으면 하는 점이 있다면 무엇인지?,gg,22
회사 생활 및 팀 내 문화에 대한 개선 사항,회사에 바라는 개선사항,회사에서 지원해 주었으면 하는 점이 있다면 무엇인지?,주4일제,오늘 얘기 했던 것은 어떤 식으로 반영되나요?
회사 생활 및 팀 내 문화에 대한 개선 사항,회사에 바라는 개선사항,회사에서 지원해 주었으면 하는 점이 있다면 무엇인지?,ㄹㄹㄹ,차라리 교육 세션 오프라인으로 해주세요.. 업무하면서 교육 듣기 너무 힘들어요
회사 생활 및 팀 내 문화에 대한 개선 사항,회사에 바라는 개선사항,회사에서 지원해 주었으면 하는 점이 있다면 무엇인지?,10점만점에10점,야근요정님 멋져~
회사 생활 및 팀 내 문화에 대한 개선 사항,회사에 바라는 개선사항,회사에서 지원해 주었으면 하는 점이 있다면 무엇인지?,seaaa,이런 시간 연구부서와 지원부서 나눠서 했으면 좋겠어요
회사 생활 및 팀 내 문화에 대한 개선 사항,회사에 바라는 개선사항,회사에서 지원해 주었으면 하는 점이 있다면 무엇인지?,경기침체,오늘 세션에 대한 조치사항이 어떻게 나올지 너무 기대되네요ㅎㅎ
회사 생활 및 팀 내 문화에 대한 개선 사항,회사에 바라는 개선사항,회사에서 지원해 주었으면 하는 점이 있다면 무엇인지?,야옹이는왈왈,아 그리고 재택 2일 고정 -> 완전자율로 되면 좋겠습니다. 할수있으면 최대한 재택 보장해 줄 수 있는게 칸타만의 나름 장점이 될 수 있을 것 같습니다. 재택한다고 일 안하는건 아니니까요.
회사 생활 및 팀 내 문화에 대한 개선 사항,회사에 바라는 개선사항,회사에서 지원해 주었으면 하는 점이 있다면 무엇인지?,도비,22
회사 생활 및 팀 내 문화에 대한 개선 사항,회사에 바라는 개선사항,회사에서 지원해 주었으면 하는 점이 있다면 무엇인지?,제우스,공감합니다.
회사 생활 및 팀 내 문화에 대한 개선 사항,회사에 바라는 개선사항,회사에서 지원해 주었으면 하는 점이 있다면 무엇인지?,야근요정,33
회사 생활 및 팀 내 문화에 대한 개선 사항,회사에 바라는 개선사항,회사에서 지원해 주었으면 하는 점이 있다면 무엇인지?,주4일제,44
회사 생활 및 팀 내 문화에 대한 개선 사항,회사에 바라는 개선사항,회사에서 지원해 주었으면 하는 점이 있다면 무엇인지?,gg,55
회사 생활 및 팀 내 문화에 대한 개선 사항,회사에 바라는 개선사항,회사에서 지원해 주었으면 하는 점이 있다면 무엇인지?,뿌셔뿌셔,55
회사 생활 및 팀 내 문화에 대한 개선 사항,회사에 바라는 개선사항,회사에서 지원해 주었으면 하는 점이 있다면 무엇인지?,뿌셔뿌셔,66
회사 생활 및 팀 내 문화에 대한 개선 사항,회사에 바라는 개선사항,회사에서 지원해 주었으면 하는 점이 있다면 무엇인지?,제우스,재택은 칸타에서 줄 수 있는 큰 복지 중 하나가 아닌가 싶습니다.
회사 생활 및 팀 내 문화에 대한 개선 사항,회사에 바라는 개선사항,회사에서 지원해 주었으면 하는 점이 있다면 무엇인지?,ㄹㄹㄹ,나가서 해야할 것 같으면 알아서 나가요 ㅠㅠ
회사 생활 및 팀 내 문화에 대한 개선 사항,회사에 바라는 개선사항,회사에서 지원해 주었으면 하는 점이 있다면 무엇인지?,뿌셔뿌셔,재택 지켜주세요!!
회사 생활 및 팀 내 문화에 대한 개선 사항,회사에 바라는 개선사항,회사에서 지원해 주었으면 하는 점이 있다면 무엇인지?,제우스,비용이 들어가는 것도 아닌데
회사 생활 및 팀 내 문화에 대한 개선 사항,회사에 바라는 개선사항,회사에서 지원해 주었으면 하는 점이 있다면 무엇인지?,경기침체,진짜 재택이 최고 복지입니다...
회사 생활 및 팀 내 문화에 대한 개선 사항,회사에 바라는 개선사항,회사에서 지원해 주었으면 하는 점이 있다면 무엇인지?,ㄹㄹㄹ,재택하면서 야근하면 어차피 제 돈 주고 밥 먹어야 하는데...
회사 생활 및 팀 내 문화에 대한 개선 사항,회사에 바라는 개선사항,회사에서 지원해 주었으면 하는 점이 있다면 무엇인지?,경기침체,다른 회사 5일 출근할 생각하면 칸타 못 떠나요~~~
회사 생활 및 팀 내 문화에 대한 개선 사항,회사에 바라는 개선사항,회사에서 지원해 주었으면 하는 점이 있다면 무엇인지?,주4일제,맞아 재택 할때 야근 식대 지원 되면 좋을거 같아요
회사 생활 및 팀 내 문화에 대한 개선 사항,회사에 바라는 개선사항,회사에서 지원해 주었으면 하는 점이 있다면 무엇인지?,yoyo,맞아요 재택시 야근 식대 필요해요
회사 생활 및 팀 내 문화에 대한 개선 사항,회사에 바라는 개선사항,회사에서 지원해 주었으면 하는 점이 있다면 무엇인지?,제우스,제가 예전에 문의했었는데 안된다고 하더라구요.
회사 생활 및 팀 내 문화에 대한 개선 사항,회사에 바라는 개선사항,회사에서 지원해 주었으면 하는 점이 있다면 무엇인지?,야옹이는왈왈,업무 특성상 사무실 나와야되는 날이 일정치가 않은데 굳이 고정해서 해야되나 싶습니다.
회사 생활 및 팀 내 문화에 대한 개선 사항,회사에 바라는 개선사항,회사에서 지원해 주었으면 하는 점이 있다면 무엇인지?,도비,홍진아 수석님 너무 좋아요
회사 생활 및 팀 내 문화에 대한 개선 사항,회사에 바라는 개선사항,회사에서 지원해 주었으면 하는 점이 있다면 무엇인지?,HJ,22
회사 생활 및 팀 내 문화에 대한 개선 사항,회사에 바라는 개선사항,회사에서 지원해 주었으면 하는 점이 있다면 무엇인지?,뿌셔뿌셔,33
회사 생활 및 팀 내 문화에 대한 개선 사항,회사에 바라는 개선사항,회사에서 지원해 주었으면 하는 점이 있다면 무엇인지?,팀장,팀장도 불러주세요
회사 생활 및 팀 내 문화에 대한 개선 사항,회사에 바라는 개선사항,회사에서 지원해 주었으면 하는 점이 있다면 무엇인지?,제우스,44
회사 생활 및 팀 내 문화에 대한 개선 사항,회사에 바라는 개선사항,회사에서 지원해 주었으면 하는 점이 있다면 무엇인지?,Kicj,매끄러운 진행 감사합니다
회사 생활 및 팀 내 문화에 대한 개선 사항,회사에 바라는 개선사항,회사에서 지원해 주었으면 하는 점이 있다면 무엇인지?,seaaa,홍진아 수석님 고생 많으십니다..
회사 생활 및 팀 내 문화에 대한 개선 사항,회사에 바라는 개선사항,회사에서 지원해 주었으면 하는 점이 있다면 무엇인지?,코인물림,진행 너무 잘하세요
회사 생활 및 팀 내 문화에 대한 개선 사항,회사에 바라는 개선사항,회사에서 지원해 주었으면 하는 점이 있다면 무엇인지?,팀장,다같이 있어야 이런얘기 듣죠
회사 생활 및 팀 내 문화에 대한 개선 사항,회사에 바라는 개선사항,회사에서 지원해 주었으면 하는 점이 있다면 무엇인지?,야근요정,재택 야근 식대는 악용하는 사람이 있을 것 같아서 그럴 것 같은데....성실히 양심적으로 하는 사람들이 더 많은 것 같아요!! 방안 고려해주시면 너무 감사할것 같아여
회사 생활 및 팀 내 문화에 대한 개선 사항,회사에 바라는 개선사항,회사에서 지원해 주었으면 하는 점이 있다면 무엇인지?,햄토리,홍진아 수석님 정말 감사합니다!! 목소리 너무 좋으세요...<3
회사 생활 및 팀 내 문화에 대한 개선 사항,회사에 바라는 개선사항,회사에서 지원해 주었으면 하는 점이 있다면 무엇인지?,경기침체,수석님 고생 많으셨습니다~~
회사 생활 및 팀 내 문화에 대한 개선 사항,회사에 바라는 개선사항,회사에서 지원해 주었으면 하는 점이 있다면 무엇인지?,주4일제,오늘 결과에 대한 공유 꼭 있었으면 해요!
회사 생활 및 팀 내 문화에 대한 개선 사항,회사에 바라는 개선사항,회사에서 지원해 주었으면 하는 점이 있다면 무엇인지?,?,유익한 시간이었습니다~~~
회사 생활 및 팀 내 문화에 대한 개선 사항,회사에 바라는 개선사항,회사에서 지원해 주었으면 하는 점이 있다면 무엇인지?,ㄹㄹㄹ,수석님 고생 많으셨어요!!
회사 생활 및 팀 내 문화에 대한 개선 사항,회사에 바라는 개선사항,회사에서 지원해 주었으면 하는 점이 있다면 무엇인지?,제우스,팀장님들은 이렇게 솔직하게 말씀들 못하실텐데
회사 생활 및 팀 내 문화에 대한 개선 사항,회사에 바라는 개선사항,회사에서 지원해 주었으면 하는 점이 있다면 무엇인지?,콩콩이,좋은 시간 마련해주셔서 감사합니ㅏㄷ ~
회사 생활 및 팀 내 문화에 대한 개선 사항,회사에 바라는 개선사항,회사에서 지원해 주었으면 하는 점이 있다면 무엇인지?,ㄹㄹㄹ,꿀목소리... 고막 녹아요..
회사 생활 및 팀 내 문화에 대한 개선 사항,회사에 바라는 개선사항,회사에서 지원해 주었으면 하는 점이 있다면 무엇인지?,제우스,좋네요! 이런시간!
회사 생활 및 팀 내 문화에 대한 개선 사항,회사에 바라는 개선사항,회사에서 지원해 주었으면 하는 점이 있다면 무엇인지?,진인사대천명,감사합니다
회사 생활 및 팀 내 문화에 대한 개선 사항,회사에 바라는 개선사항,회사에서 지원해 주었으면 하는 점이 있다면 무엇인지?,YuYu,감사합니다
회사 생활 및 팀 내 문화에 대한 개선 사항,회사에 바라는 개선사항,회사에서 지원해 주었으면 하는 점이 있다면 무엇인지?,야옹이는왈왈,감사합니다~~ 수고 많으셨습니다!
회사 생활 및 팀 내 문화에 대한 개선 사항,회사에 바라는 개선사항,회사에서 지원해 주었으면 하는 점이 있다면 무엇인지?,야근요정,감사합니다!!
회사 생활 및 팀 내 문화에 대한 개선 사항,회사에 바라는 개선사항,회사에서 지원해 주었으면 하는 점이 있다면 무엇인지?,주4일제,정말 유익했습니다! 감사합니다 수석님! :)
회사 생활 및 팀 내 문화에 대한 개선 사항,회사에 바라는 개선사항,회사에서 지원해 주었으면 하는 점이 있다면 무엇인지?,콩콩이,맞아요 목소리 너무 좋으세요
회사 생활 및 팀 내 문화에 대한 개선 사항,회사에 바라는 개선사항,회사에서 지원해 주었으면 하는 점이 있다면 무엇인지?,감자,편하게 애기할수있어서 좋았어요~!
회사 생활 및 팀 내 문화에 대한 개선 사항,회사에 바라는 개선사항,회사에서 지원해 주었으면 하는 점이 있다면 무엇인지?,토르,감사합니다.
회사 생활 및 팀 내 문화에 대한 개선 사항,회사에 바라는 개선사항,회사에서 지원해 주었으면 하는 점이 있다면 무엇인지?,ppppt,감사합니다~~~
회사 생활 및 팀 내 문화에 대한 개선 사항,회사에 바라는 개선사항,회사에서 지원해 주었으면 하는 점이 있다면 무엇인지?,팀장,링크만 있으면 팀장도 들어올수있당
회사 생활 및 팀 내 문화에 대한 개선 사항,회사에 바라는 개선사항,회사에서 지원해 주었으면 하는 점이 있다면 무엇인지?,?,감사합니다
회사 생활 및 팀 내 문화에 대한 개선 사항,회사에 바라는 개선사항,회사에서 지원해 주었으면 하는 점이 있다면 무엇인지?,뭐라고할까,좋은 시간 감사합니다! 재밌고 편안한 시간이였습니다!
회사 생활 및 팀 내 문화에 대한 개선 사항,회사에 바라는 개선사항,회사에서 지원해 주었으면 하는 점이 있다면 무엇인지?,오바메양,감사합니다 :)
회사 생활 및 팀 내 문화에 대한 개선 사항,회사에 바라는 개선사항,회사에서 지원해 주었으면 하는 점이 있다면 무엇인지?,YuYu,목소리 정말 좋으세요~~ㅎㅎㅎ
회사 생활 및 팀 내 문화에 대한 개선 사항,회사에 바라는 개선사항,회사에서 지원해 주었으면 하는 점이 있다면 무엇인지?,ㅇ6,감사합니다 :-)
회사 생활 및 팀 내 문화에 대한 개선 사항,회사에 바라는 개선사항,회사에서 지원해 주었으면 하는 점이 있다면 무엇인지?,asdiiii,수고 많으셨습니다~ :)
회사 생활 및 팀 내 문화에 대한 개선 사항,회사에 바라는 개선사항,회사에서 지원해 주었으면 하는 점이 있다면 무엇인지?,녹차,감사합니다!
회사 생활 및 팀 내 문화에 대한 개선 사항,회사에 바라는 개선사항,회사에서 지원해 주었으면 하는 점이 있다면 무엇인지?,yoyo,감사합니다~!
회사 생활 및 팀 내 문화에 대한 개선 사항,회사에 바라는 개선사항,회사에서 지원해 주었으면 하는 점이 있다면 무엇인지?,ㅋㅋㅋㅋㅋ,감사합니다!
회사 생활 및 팀 내 문화에 대한 개선 사항,회사에 바라는 개선사항,회사에서 지원해 주었으면 하는 점이 있다면 무엇인지?,주4일제,팀장은 진짜 팀자인ㅁ이세요?
회사 생활 및 팀 내 문화에 대한 개선 사항,회사에 바라는 개선사항,회사에서 지원해 주었으면 하는 점이 있다면 무엇인지?,배고프다,감사합니다
회사 생활 및 팀 내 문화에 대한 개선 사항,회사에 바라는 개선사항,회사에서 지원해 주었으면 하는 점이 있다면 무엇인지?,야호,감사합니다~
회사 생활 및 팀 내 문화에 대한 개선 사항,회사에 바라는 개선사항,회사에서 지원해 주었으면 하는 점이 있다면 무엇인지?,주4일제,팀장님이세요?
회사 생활 및 팀 내 문화에 대한 개선 사항,회사에 바라는 개선사항,회사에서 지원해 주었으면 하는 점이 있다면 무엇인지?,피카츄,수고 많으셨습니다~